id,label
10958,0
7503,1
8356,0
5998,0
11565,0
2333,1
1539,0
2773,0
11799,1
1617,1
7366,0
10523,1
11212,1
2188,0
4388,1
7713,1
9870,0
10110,1
1404,0
5411,1
6372,0
1178,0
9102,1
2553,0
2283,0
11397,0
10341,0
7915,0
8915,1
5770,0
11895,1
11580,1
3536,1
9165,1
9927,0
6947,1
7521,1
10477,0
2129,1
9422,0
7004,0
4044,1
1914,1
11594,0
8652,0
2233,0
6148,1
4204,0
7270,0
3604,0
1414,1
785,0
3170,1
129,0
8731,1
11901,0
6337,0
12210,0
3925,1
149,0
9663,1
4710,1
1090,0
496,1
9749,1
9407,1
8230,0
5779,1
5503,1
7592,1
8448,1
10811,1
1881,1
1102,0
7820,1
7621,0
2616,1
8273,0
12065,0
11566,0
4179,0
722,0
7766,1
1548,0
3717,1
11209,0
6965,0
8107,0
3081,0
5473,0
3834,0
5604,1
4264,1
7928,1
12146,1
9122,0
4824,1
222,1
951,0
11876,0
1050,0
11267,1
8325,1
8525,0
7907,1
5472,0
873,0
10246,1
3749,1
3019,1
4627,1
10256,1
4565,0
5343,1
3906,1
9306,1
9851,1
10648,1
12397,0
8252,0
9520,1
11035,1
8305,1
6435,1
5517,0
2692,0
1373,1
5438,1
7332,1
1036,1
12057,1
42,1
4375,1
6515,0
5828,1
7958,0
1023,0
5469,1
264,0
12047,0
5277,1
727,1
3570,1
7828,1
2191,0
5628,1
9575,0
354,1
8585,0
8327,1
9872,0
5261,0
10369,0
8302,0
7257,1
10510,0
2268,0
2061,1
11643,1
5305,1
10050,0
223,1
8476,1
9909,0
11423,1
4695,0
3759,0
5721,0
11430,1
138,0
8708,1
6216,0
6635,1
11588,0
2284,1
4419,0
11029,0
3820,1
7174,0
5471,0
3919,1
5764,0
450,1
1003,1
3635,0
2583,1
7325,0
7228,1
12258,0
7033,0
4303,1
11449,1
7370,1
10004,1
11201,1
6606,1
8980,1
5535,0
4937,1
2023,1
3504,1
5642,1
11709,1
6940,0
7269,0
7469,1
2101,1
4409,1
5406,1
5380,1
11159,1
7913,1
7255,1
6227,0
11776,1
2718,1
8511,0
12477,1
7042,1
8337,1
11380,1
4412,0
6082,1
5181,0
11870,1
11350,0
2421,0
5676,1
9639,1
11155,1
6125,1
8589,1
8351,0
3819,1
5460,0
10483,0
12281,1
9667,1
3457,0
3240,0
11933,0
12127,0
3678,0
7709,0
7390,1
8111,0
585,0
4577,1
251,1
501,1
9428,1
4136,1
10475,0
8118,1
146,1
10029,1
4863,0
2790,0
5282,0
2941,0
8409,0
3884,1
719,1
2489,1
6272,0
7328,1
8479,1
7736,1
7807,1
7097,1
3926,1
2822,1
1811,1
4166,1
1977,1
1337,0
11475,0
4659,0
6185,0
2662,0
5537,0
4808,1
3261,1
5936,1
582,1
7540,0
5996,0
5291,1
10570,1
3231,0
7520,1
4140,0
8659,0
726,0
9879,0
1252,0
861,1
5830,0
10633,1
4854,1
2130,0
9091,0
3591,0
85,1
9369,1
102,1
10692,1
3590,0
4292,0
8536,0
6161,0
6233,0
7601,1
7705,1
5347,1
5278,1
316,0
5275,0
3811,1
3012,0
311,0
5913,0
1158,1
9769,1
728,0
8683,1
7492,1
523,1
3838,1
5480,0
11140,1
4043,1
3622,0
4068,0
6004,1
9527,0
9633,0
6168,0
3442,1
3836,1
8208,1
6875,0
9083,1
11478,1
3376,0
4843,1
6094,1
11015,1
12131,1
11540,0
2936,1
1949,0
595,1
8781,0
9144,1
1086,1
30,1
8769,0
2643,1
12256,1
7762,0
11026,0
6798,0
7908,0
2694,0
648,0
1730,1
12476,1
5205,0
1293,0
10145,0
7897,0
672,0
375,1
5025,0
3842,0
5870,0
10157,0
8594,1
843,0
9576,0
9399,0
4380,0
6617,0
1501,1
2800,1
8396,1
2633,0
7975,1
12331,0
9167,1
4395,0
4118,1
4209,0
11444,0
680,0
10574,1
8981,0
4963,1
5531,1
11326,1
11742,0
9276,0
4134,0
9699,0
4975,0
7847,0
3616,0
4491,1
1761,1
9598,1
3093,0
10204,0
9684,1
11748,0
11831,1
6844,1
6153,0
6080,1
3944,0
4400,1
2661,1
2306,1
3911,0
7819,0
1784,0
2512,0
7044,0
11002,1
3797,0
10753,1
8065,1
5491,1
8016,1
6304,0
10276,0
5236,1
7471,0
6591,1
11718,1
5270,0
7183,1
1461,0
9175,1
9829,1
4076,0
10521,0
10787,1
6228,0
77,1
9723,1
7871,0
9864,0
4576,0
3330,0
4872,1
5836,1
826,1
10322,1
9989,1
305,0
6960,0
5383,1
7572,1
6961,0
1466,0
8602,0
6555,0
2165,0
12478,1
4899,0
8508,0
1267,0
3283,1
11191,1
3374,1
8114,1
10564,1
4164,1
3693,1
8810,0
9680,1
8460,0
4734,1
6638,0
11060,0
5463,1
5371,1
7149,1
3781,0
3578,0
4755,1
2068,0
2915,0
2980,0
4287,1
1891,1
6084,1
9848,0
9513,0
5925,1
7264,1
7901,1
4503,0
6338,0
3180,0
7763,0
1374,0
5187,1
10757,0
1165,1
6314,0
8912,0
1541,1
5518,0
11358,1
5064,1
4182,0
905,0
11920,1
921,0
8183,1
8335,1
5717,1
12491,1
627,0
1329,1
11735,1
1668,0
2336,1
12305,1
12172,1
4251,1
11135,0
10840,0
4536,0
4712,0
7656,0
10852,1
9526,0
4,1
2417,0
3131,0
1800,1
10920,1
1632,1
1862,0
11076,0
10007,0
9402,1
883,1
7330,0
11372,0
11636,0
8320,0
2126,1
3350,0
10467,0
4060,0
6144,0
7277,0
10154,0
4690,0
4971,1
6897,0
9461,0
11962,0
8625,0
5164,0
4089,1
4943,0
12002,0
601,1
1236,1
9085,1
8236,0
11263,0
11801,1
3035,0
1010,1
3189,1
6183,1
11011,1
8018,1
8632,1
841,0
5192,0
6681,0
3835,0
4555,0
2020,0
6440,0
9267,0
3598,1
5266,1
3628,0
3269,1
469,1
2725,0
12098,1
7220,1
8410,0
1109,0
5456,0
6770,0
10360,0
9279,1
196,1
11512,1
1725,1
5135,1
5239,1
5895,0
8674,1
11897,1
1098,0
2548,0
1255,0
5490,1
2955,0
2197,1
1586,0
3138,1
1038,1
900,1
751,0
5599,0
964,0
3091,0
9897,0
4740,0
10236,0
8909,0
3515,1
12045,0
9198,0
10349,1
1330,0
4602,1
11082,0
3294,1
4561,0
8020,0
6708,1
8618,0
953,1
6843,1
6528,0
8497,1
8766,0
6452,0
209,0
2160,1
3088,0
5708,0
6087,1
7784,0
6982,1
10071,0
6312,0
6129,0
1394,0
4406,1
6062,0
7283,0
9077,0
10892,1
10183,0
1483,1
11795,1
11762,1
6040,1
6175,1
3521,1
2005,1
3447,0
12493,1
8331,0
12078,0
5937,0
482,1
8098,1
8723,0
7529,1
12290,1
11226,0
11173,1
4474,0
8140,1
7818,1
7363,0
5727,0
5523,0
3535,1
5797,0
4551,1
11868,0
9302,1
5904,1
7982,1
9287,1
7425,0
2375,0
6893,0
76,1
1895,1
9532,0
9543,0
6932,1
10623,0
6014,0
11420,1
7456,0
12386,1
7611,0
11516,1
2798,1
10105,1
4147,0
6783,0
11649,1
11954,1
10368,1
1669,1
9245,1
8832,0
9701,1
378,0
11340,1
5412,0
4414,0
9466,0
7186,0
9367,1
1681,0
12288,0
12089,0
9118,0
9635,0
4348,0
8174,1
1380,1
6383,0
9101,1
11448,1
12292,0
8780,0
11638,0
5283,0
11258,1
11966,0
2411,0
5921,0
1763,0
9666,0
4271,0
6107,1
1423,0
641,1
5505,1
1938,1
10660,0
7590,1
5829,1
1046,0
9041,0
729,0
10039,1
9910,1
8923,0
8701,0
3775,1
5755,1
12073,1
9112,0
7633,0
8786,1
170,0
6500,1
8898,1
4410,1
386,0
6994,1
5001,0
3703,0
10135,1
2710,1
2648,1
9453,1
10930,1
2937,0
8600,1
10691,1
12206,1
1638,1
3080,0
1099,0
9236,0
12232,1
10140,0
615,0
10437,0
3334,1
11429,1
4037,0
11384,0
4002,0
11432,0
6357,0
9080,1
5888,0
2778,1
8759,1
3785,1
3780,1
3446,1
7045,0
11445,1
11385,1
2106,0
1352,0
4736,1
2538,0
4815,1
156,0
1473,0
4711,1
7526,1
3038,1
6621,1
9076,1
1301,1
3254,1
5009,0
3805,1
3668,1
5272,0
4335,1
6503,1
2218,0
2175,1
5080,1
12246,1
6592,1
6023,0
7756,1
1747,0
6787,1
347,0
3146,0
2572,0
2909,0
2449,0
9124,0
8670,1
11850,1
10320,1
9497,1
6688,1
4649,1
9530,1
3362,1
2154,1
6431,1
2923,1
6054,0
9924,0
717,0
3660,0
4296,0
854,1
3909,1
5710,0
12428,0
2561,1
8093,0
7734,1
1588,0
7134,1
3782,1
8762,1
5040,1
9683,0
1790,1
6108,1
9482,0
2481,1
8301,1
6604,0
4908,1
7481,0
9005,0
8354,0
8153,1
8347,1
1776,1
12004,0
6376,0
4210,1
11746,0
696,0
4804,1
8991,1
1512,1
7731,0
11862,1
1198,0
224,0
8170,0
11597,0
6011,0
4484,0
1941,1
6325,0
1944,0
2494,1
960,1
10715,1
7760,1
5513,1
9204,1
10382,0
11130,0
235,1
10328,0
10065,0
3606,1
9957,0
6255,1
10117,0
10817,0
3685,1
10569,1
5065,0
2854,0
3349,0
5094,0
11811,0
11908,0
10015,1
4812,1
1379,0
2978,0
10866,1
11976,0
12173,0
7116,1
8385,0
5042,1
5957,1
2654,1
3617,0
194,0
32,1
9726,0
7682,0
9700,0
11268,0
7870,1
4489,0
8740,1
7198,1
3150,1
8977,1
4788,1
1695,0
6026,1
2652,0
4482,0
9379,0
2185,1
972,0
410,0
2383,1
12032,0
3968,1
7665,1
6373,1
10752,1
2374,1
12345,0
176,1
8902,0
9172,1
1024,0
4102,1
4570,1
7978,0
12076,1
4961,0
2858,0
9242,1
12458,0
8124,0
1022,0
21,1
4805,1
7991,0
4877,0
1162,0
10233,1
4148,1
6114,0
2198,1
5318,1
8232,0
8388,1
2037,1
8871,0
2475,0
8791,1
6350,0
7737,1
5697,1
8748,0
10948,1
12402,0
1859,1
8422,1
2574,0
2530,0
3372,1
10444,1
6365,1
8761,1
3699,0
8862,1
1536,1
11717,1
11961,1
2970,0
8300,0
5550,1
8621,1
2173,1
6245,1
11483,1
12111,1
1297,0
12003,1
670,1
5551,1
3311,0
10411,1
5744,0
5786,0
12271,1
6127,0
5955,1
306,1
4009,1
4935,1
6439,1
331,1
12313,1
4599,1
3040,0
6105,1
852,0
7459,0
1683,0
12018,0
5880,1
1987,1
6747,0
716,1
3744,1
4974,1
9202,1
9920,1
12384,0
5429,0
2117,1
2816,0
6427,0
3020,1
870,1
12038,1
2755,1
6933,0
1052,1
6859,1
2362,1
3149,1
3478,1
6243,0
5310,0
390,0
7842,1
11271,0
628,0
7428,0
5348,1
2868,1
12437,1
2670,0
10138,1
9640,0
1854,0
4926,1
1648,0
4617,1
4417,1
5428,1
8121,1
10149,0
4041,1
11838,1
968,1
10068,0
6910,1
10876,1
9765,1
7419,0
7765,1
9382,0
9905,0
3636,0
1556,0
559,1
5981,0
3886,0
12128,0
5573,1
3235,1
6923,1
800,1
9278,0
2657,0
470,1
3646,1
2148,1
538,0
5965,1
8842,1
11834,0
10472,0
8972,0
10175,0
1921,0
9203,0
4259,1
4907,0
7775,1
5217,1
8033,1
4764,0
11604,1
3392,0
10980,0
7743,0
1087,0
4053,1
1318,1
3813,1
2326,1
6405,0
7751,0
8588,1
2151,0
6743,0
10139,1
1651,0
3425,1
7280,1
3373,0
6785,0
10668,0
10653,0
10783,0
686,1
10185,1
6151,0
5800,0
8002,0
3798,0
10739,1
8446,0
2280,1
7197,0
2302,0
987,0
1857,0
7434,1
12157,1
9390,0
1007,1
11121,1
11804,1
191,0
12495,0
7912,1
3900,0
2801,1
4004,0
3675,1
290,0
1359,0
11261,1
11871,1
9512,0
777,1
10567,1
11038,0
5560,1
6817,0
1208,0
7470,1
1363,1
6861,1
12279,1
3714,0
11554,1
8722,1
1529,1
6931,0
9328,0
4248,1
512,0
10496,1
6342,0
9423,0
2114,1
9709,0
7179,1
3034,0
3666,0
11750,0
5625,1
4751,0
1680,0
535,0
11480,0
11297,1
2802,1
8813,0
2957,0
2158,1
11821,1
7234,1
6950,0
11470,1
5664,0
206,0
5338,0
7675,0
9898,0
936,0
3226,1
4326,0
8633,1
2879,1
11479,0
6560,1
9183,0
2734,0
3160,1
9948,0
12083,0
8737,0
6173,0
10474,1
935,1
9442,0
7652,1
2290,0
9615,1
11894,1
413,1
8458,0
11129,0
7602,0
11942,0
5911,1
12016,0
1246,0
12215,0
6976,0
4738,1
4860,1
3638,0
5520,1
749,0
7972,0
9519,0
3175,0
9776,1
8355,1
45,0
1435,1
9197,0
8290,0
9625,1
8856,0
8680,0
3357,1
7128,0
7321,1
4546,1
10429,1
8150,0
4580,0
8984,0
3587,1
8939,1
7081,1
9950,0
11929,1
5577,1
93,0
1547,0
6514,1
7896,1
1679,0
11461,1
6100,0
10711,0
9186,0
4535,1
2041,1
8943,0
3291,1
8298,0
8860,1
11027,1
4415,1
1396,0
4791,1
4703,0
10457,0
3185,0
9235,0
3436,1
2431,1
718,1
4637,1
7836,1
4320,1
819,1
825,0
4792,1
4049,1
4047,0
2408,0
10464,1
12487,1
7858,0
10988,0
10237,0
7377,0
11960,1
8019,1
10164,1
10628,0
7218,1
10095,0
11197,0
10493,0
6483,0
5298,0
5600,1
1048,1
3549,0
7327,1
5281,1
1560,1
8990,1
1308,0
1897,0
11486,1
3420,1
11467,0
10189,1
7554,1
894,0
9746,0
3971,0
9121,0
9544,1
8626,0
4411,1
3327,1
8195,0
4213,1
8490,0
11550,1
5556,0
7706,1
10933,0
3747,1
2315,0
10862,0
3398,0
12342,1
10927,0
11591,0
2273,0
8220,0
1801,1
3194,0
2443,0
1067,1
1898,0
6928,1
1904,1
9865,0
11900,0
3497,1
8419,1
685,1
7160,0
11509,0
9899,0
4246,1
9548,1
11829,1
4844,0
796,1
8593,0
7334,1
9420,1
4437,0
6021,0
12133,1
3547,0
6152,0
9787,0
318,0
10439,0
8868,1
6340,1
8746,1
9652,1
6863,0
8914,0
7697,0
2141,0
8957,0
10637,0
11761,1
9004,1
431,1
4819,0
6834,1
723,1
11622,0
7359,1
2605,1
7059,1
8804,1
5129,1
5631,1
3402,0
4547,1
5198,1
4581,1
8274,0
10819,0
5355,0
6958,1
6428,1
5813,1
5493,1
10635,0
10896,1
12435,1
10460,0
9943,1
8197,1
997,1
373,1
137,1
2910,1
6425,0
10631,0
4021,1
10844,1
5602,1
9981,0
343,0
792,1
5421,1
5188,1
111,1
8603,1
5207,0
11678,0
12418,0
342,0
3316,0
10736,1
6894,0
2885,1
1213,0
4488,0
11105,0
4431,0
8736,1
11110,0
12068,0
616,1
12234,0
1472,0
8698,0
61,0
6583,1
6758,0
9251,0
8332,1
12121,0
122,0
4454,0
7344,1
12432,1
9069,1
1782,1
2581,1
5297,0
9607,1
5102,0
2593,0
9135,1
7206,1
2328,0
4178,1
9761,0
3933,1
5056,1
3840,0
4279,0
2559,1
802,0
4023,1
11410,0
7832,0
9515,1
5534,1
2567,0
27,1
5074,0
8861,1
564,0
7364,1
10778,0
10803,0
7997,0
7119,1
5848,0
1231,1
9767,0
11639,0
11323,0
11094,0
698,0
11808,0
1894,0
8344,1
3970,0
8342,1
7840,1
12166,0
9606,1
1402,1
5992,1
11807,0
5012,0
7005,0
7152,0
7619,0
12431,0
2715,0
5160,0
4094,0
1912,1
11771,0
2943,0
4434,1
11769,0
5558,0
10870,1
10590,0
11202,1
10251,1
7394,0
2079,0
2832,1
4299,1
5876,0
7641,1
5673,0
8365,0
1183,1
1317,1
11049,0
6025,1
3539,1
2200,0
725,1
8845,0
2150,0
10364,1
405,1
12293,1
6449,1
1940,1
18,1
1698,0
5306,1
8103,0
10265,0
2140,0
11865,0
3322,0
3293,1
8203,0
7041,0
11409,0
11054,1
3680,1
5964,0
10613,0
1417,0
4158,0
10192,1
11698,0
5112,0
9923,0
6199,1
11066,1
9246,1
4034,0
1362,0
7461,1
10170,0
10022,1
4774,1
612,1
1935,0
11079,1
12212,0
7804,1
5103,0
2363,0
3705,0
79,1
10970,0
7929,1
6196,0
736,1
1119,0
882,1
3807,1
5161,0
10375,0
4423,0
10398,0
3196,1
872,0
11128,1
4753,0
2913,1
4641,1
9833,1
7188,1
136,0
3767,0
6077,0
1202,0
2339,0
7207,0
6223,1
5594,1
5752,1
6757,1
3737,0
4727,1
2893,0
1393,1
8812,1
7962,0
440,1
8286,1
12341,1
12365,1
782,1
7965,0
7903,1
7663,1
1660,0
10820,1
908,1
10744,1
184,0
2404,1
2669,0
2462,1
7387,0
12015,1
8558,0
6590,1
1217,1
5315,1
2789,1
645,0
278,0
827,0
4217,0
5253,1
8524,0
2215,1
5247,0
9719,0
6594,0
6880,0
2900,1
9806,1
4936,0
11262,1
1889,0
2542,0
5623,0
3449,0
1497,1
8653,1
12461,1
8040,0
5222,1
3883,0
6652,1
7313,0
7455,1
7522,0
10535,0
938,0
8277,0
9286,1
9889,1
10580,1
10389,0
9081,0
10280,1
3942,1
121,0
608,1
8584,0
2069,1
929,0
4688,1
11442,1
1400,1
12135,1
6416,0
11473,1
8048,0
2519,0
11844,1
3178,1
9099,1
11806,1
3575,0
403,1
12102,0
2560,1
6997,1
7561,0
4817,0
1772,0
8469,0
5365,0
10874,0
6558,0
10049,0
6980,1
1166,1
5238,1
842,1
1013,0
3344,1
5943,1
10512,0
1836,0
12110,0
4327,1
8926,0
3347,0
3257,0
4509,0
9731,1
5068,1
6307,1
5215,1
1092,0
4463,0
5344,1
5938,1
11464,1
11196,0
7175,0
6402,1
7867,0
1288,0
1072,1
2406,1
5015,1
5220,1
10162,1
1916,1
9454,0
9952,0
6663,1
5688,1
7104,1
1199,0
1860,1
245,1
7309,1
3474,0
9130,0
337,1
7799,1
10593,1
3839,0
9034,0
8057,1
9223,0
3574,1
7671,1
12207,1
2266,0
5660,1
11176,1
2540,0
1015,0
10193,0
8541,1
109,1
10709,1
11999,1
10608,1
10300,1
8090,0
1839,0
6846,1
38,0
10754,0
3809,1
1672,1
1942,0
3585,1
2820,1
6571,0
10773,1
9925,1
11673,1
6460,1
6471,0
4767,1
10009,0
10033,0
4088,0
1960,0
4315,1
7058,0
7247,1
556,0
895,1
2952,1
4054,1
10456,1
11840,1
1114,1
7850,0
11055,0
6955,1
11936,0
9871,1
10760,0
9341,1
10099,0
11890,0
6081,0
1360,0
1808,0
4855,0
71,1
8565,1
480,1
8075,1
2048,0
7382,0
4670,0
7276,1
6104,1
7981,1
2250,1
2765,0
3694,0
7963,1
7801,0
395,1
10807,0
10086,1
817,0
2147,0
9253,1
11737,0
2784,0
4801,1
8895,0
5477,0
10406,1
5624,0
3816,1
9049,0
11462,0
1665,0
462,0
4865,1
11302,1
11198,0
5811,0
11845,0
7728,1
7949,1
12035,1
10362,0
10943,0
6368,1
10480,0
2774,1
7695,1
4632,0
1290,1
12353,1
7416,0
3241,1
12330,1
10863,1
9922,0
159,1
7970,0
3894,1
8641,0
10445,1
5776,1
7373,1
12348,1
9565,1
6589,1
11126,1
8234,1
3873,0
823,1
8993,1
2019,0
3867,1
2897,0
6788,0
8472,0
1258,0
9743,1
7810,0
8085,0
8485,1
9931,1
9052,0
8334,0
7942,0
9984,1
3677,1
6857,0
1248,1
6934,1
10579,0
10434,1
8178,0
4302,1
8253,0
5632,0
7367,1
11374,0
11456,0
4424,1
1764,1
4485,0
567,0
3837,0
12060,1
12115,0
10609,1
4317,1
1697,0
7162,0
3467,0
7096,1
10234,0
2010,1
7069,1
6892,1
9682,0
2382,0
3496,0
9921,1
2979,0
3199,0
12462,0
9654,0
4583,0
8599,0
9459,0
652,1
4058,0
5268,1
6167,0
9264,0
7639,0
2564,0
9545,0
8481,1
5681,0
10636,1
8590,1
7926,0
113,1
10611,0
5793,0
7015,0
5216,0
2119,0
11934,1
434,1
1129,1
3074,1
9201,0
5316,0
9363,0
1613,0
11141,1
7136,1
7443,1
557,1
7304,0
3370,0
6732,1
9558,1
11485,0
1713,0
9860,0
7194,0
7089,0
7498,0
5607,1
3060,1
17,1
201,1
5177,1
579,0
7672,0
10371,0
10174,0
2575,1
10421,1
11336,0
7564,1
118,1
9936,0
2263,1
11797,0
8572,1
8370,0
9387,0
581,1
3217,1
8624,0
7203,1
4784,1
9514,0
11414,0
6146,0
995,1
11239,1
9127,0
2887,0
1551,0
706,1
2089,0
6035,0
2903,0
4159,0
11334,1
11780,1
7863,0
4912,1
4114,0
8946,0
6812,0
11846,1
3249,0
2740,1
5402,1
7803,1
11245,0
3142,0
5916,1
284,1
11529,0
3858,0
1479,0
236,1
5728,0
4864,0
3026,0
892,1
9705,0
1847,0
10683,1
7070,0
6398,1
9660,1
9580,0
7253,0
10016,0
11491,0
5590,1
3709,1
4835,1
3546,1
2895,1
5736,0
8931,0
10707,1
9140,1
10538,0
5504,1
8619,0
5422,1
10274,0
9980,0
11322,1
588,0
5789,1
7209,1
11703,0
8703,1
11356,1
4098,0
6885,0
7414,0
8309,1
7797,1
6481,1
3050,1
8162,1
9141,0
7396,0
6510,1
10045,1
7553,1
3190,0
55,0
8235,0
8938,1
12490,1
9758,1
9046,0
2912,1
7996,0
6714,0
11244,1
7939,1
11752,1
9342,1
1675,0
2925,1
8620,1
12369,1
4067,1
1045,1
10825,1
7458,1
9820,0
6557,0
9805,0
10830,0
11276,0
4167,0
9913,0
7468,1
1696,1
584,0
5927,0
364,0
3426,1
1371,0
11567,1
9967,1
2066,0
12156,1
813,1
6646,1
4510,0
3227,0
3857,0
9216,0
1990,1
78,1
4785,0
12108,1
5939,0
9229,0
7723,1
1704,1
10540,1
7676,0
5028,0
4558,1
1424,1
11878,1
23,1
4668,1
1833,0
9541,0
2001,1
8933,1
2870,1
6517,1
1486,1
4462,0
5241,1
3862,1
7688,0
923,1
4006,1
6937,0
3756,1
5294,0
8655,0
1227,1
3219,0
6906,1
9051,1
5862,1
2035,1
1705,1
6174,0
4914,0
8785,0
3423,0
1717,1
11453,1
5615,0
7189,1
3326,0
3702,0
914,0
11587,0
7823,1
280,1
10088,0
9243,0
10270,0
5140,0
9416,1
6046,1
6820,1
3683,0
3452,1
6252,0
7588,0
6548,0
12012,1
5133,0
2613,1
3548,0
10991,0
11152,1
9413,1
8291,1
4376,0
4950,1
6444,0
5997,1
11952,1
6086,1
8639,0
569,1
2905,1
3232,0
7040,1
8289,1
10939,0
1690,1
1627,0
8421,0
1438,0
5033,1
4339,0
5451,1
7217,0
10957,1
8735,0
1040,1
11702,0
9439,0
2058,0
252,0
130,0
2452,1
3213,0
9849,1
4578,1
1769,1
9087,0
1170,1
5449,1
806,1
6339,0
11733,1
3923,1
443,1
9033,1
8865,1
6801,0
3006,1
3304,1
6631,1
11063,1
5425,1
12190,0
1111,0
5002,0
11555,1
8135,0
12441,0
262,1
8412,1
5498,0
11151,1
4841,0
11317,0
10519,0
357,0
602,0
437,0
11798,0
8333,0
12485,0
12438,1
6835,1
2448,1
10619,0
11251,1
11124,0
9265,0
7637,1
10124,1
12116,0
12001,0
8691,1
4433,0
11803,0
348,1
8501,0
10248,0
9156,0
10316,0
5896,0
9359,0
9239,0
6618,0
2168,0
11919,0
3324,0
1121,1
3860,0
11584,1
7347,1
4142,1
3416,1
11260,0
3126,0
11847,0
4543,1
9958,0
8304,1
2766,1
2360,0
8193,1
11408,1
1381,1
6217,1
3513,0
5758,0
8426,0
2659,1
10123,1
1104,0
2965,0
2815,0
1075,1
831,0
7391,0
7944,0
5648,1
9612,1
6729,1
6727,0
7771,0
212,1
4714,1
5354,0
1558,0
679,1
8578,1
6637,1
8456,0
889,0
384,1
665,0
1088,0
10245,1
9451,0
10289,0
4931,1
4905,0
3295,0
3222,1
1256,0
8897,1
11527,1
3422,1
5393,1
4866,1
8495,0
2673,1
4233,1
1117,0
1181,0
6226,1
9134,1
4099,1
4130,1
10534,1
10860,0
6722,1
3822,0
2585,0
3358,1
2545,0
11690,1
1850,1
1528,0
3220,0
4133,0
2537,1
10241,1
10168,1
694,1
11916,0
10200,0
4353,1
8522,0
9298,1
11533,1
10329,1
1968,1
6830,0
1195,1
1431,1
10786,0
4831,0
6603,0
9745,0
2741,1
6451,1
7523,1
6494,0
4377,0
11953,1
4562,1
10544,0
8024,1
1791,1
11053,1
88,1
4572,0
4770,0
4031,1
1100,1
10350,1
5516,1
4924,0
6738,1
2277,0
629,1
2754,0
6647,0
9571,0
2842,1
6202,0
2262,0
454,0
3458,0
12252,0
7371,1
5544,0
4234,1
5690,1
7817,1
6613,0
6321,1
3493,0
4300,1
4190,0
10499,1
8199,0
6630,1
4176,1
4469,1
3256,0
4696,0
5712,0
4498,1
11078,0
3734,1
7527,0
674,0
425,1
11756,1
9375,1
11401,0
11611,0
6579,0
10310,1
6838,0
1401,1
7558,1
3243,1
1268,0
1656,0
4356,0
11689,0
7809,0
3054,0
7406,1
4665,1
6457,1
1838,1
103,0
9826,0
10809,0
11609,0
7238,1
692,0
6666,0
12275,1
8100,0
1083,1
6235,0
4521,0
9027,1
1734,0
12118,0
11218,1
1767,1
9721,0
10671,0
3395,1
7008,1
7235,0
7176,0
10385,1
8610,1
5985,1
12029,0
3541,0
8922,0
3627,1
8911,0
8000,0
10864,1
11378,1
4294,1
11466,0
2882,1
10505,1
358,1
618,0
11515,1
9531,1
10952,1
12391,1
3067,0
6247,0
6426,1
7849,1
1188,1
2977,0
6193,1
10358,0
3118,0
4237,1
1368,0
9190,1
2442,1
1020,0
9902,0
1606,0
9036,1
10656,1
8721,1
2702,1
6502,1
6612,0
2700,1
6149,0
1001,0
7010,1
871,1
5782,1
2945,1
5273,1
322,1
11955,1
6784,0
10261,1
3552,1
8662,0
526,0
5549,0
5085,0
5511,1
3123,0
1633,1
73,1
11389,0
9333,1
3179,0
446,0
9129,1
1963,0
4451,1
9263,1
12072,0
8418,1
10854,1
8854,0
9248,1
12363,0
9193,1
12117,1
3279,1
5931,1
5574,1
10622,1
9694,1
8864,1
12021,1
2676,0
1760,0
1534,0
6309,1
7812,1
6837,1
5313,0
6413,0
8994,0
9688,0
10343,0
11122,0
5223,0
12343,0
7625,1
8651,1
4126,1
6485,1
6241,1
5444,1
11058,0
12372,1
9139,1
8815,1
8803,0
845,1
7074,1
3687,0
2993,0
9818,1
3527,1
11693,0
8377,0
10163,1
5153,0
451,0
2947,0
2342,1
8656,0
11526,1
6328,0
8608,0
7845,1
11856,0
1684,1
11731,1
6564,1
5507,1
10865,0
9534,1
8648,1
623,0
4533,0
8224,1
1310,0
4093,0
6284,1
4620,0
5525,0
9157,0
3466,1
4986,1
11982,1
745,1
6847,1
7159,0
11217,1
10311,0
11907,0
2495,0
703,0
3707,1
11114,1
24,1
9706,1
2991,0
1174,1
6967,1
2222,1
1448,0
11294,1
6773,1
2091,1
9038,1
10989,0
174,0
5641,1
101,0
9711,0
4744,1
6999,1
6474,0
11958,1
8491,0
10034,1
10587,1
1820,0
6031,0
7420,1
2972,1
6248,1
1901,0
10684,1
8976,1
5616,0
8681,0
5301,1
6530,1
6119,0
7985,1
9539,1
4662,0
5509,1
291,0
3117,1
10036,1
7758,1
2093,0
3577,0
7726,0
8645,1
9468,0
4371,0
9417,1
7337,0
1754,0
1762,1
5692,1
5812,0
5139,0
2626,1
5617,1
4138,1
1030,0
5570,1
8133,1
8001,0
10627,0
2040,1
3346,1
11918,1
10984,1
3802,1
4857,1
4549,0
3303,1
9476,1
2403,1
11118,0
9196,0
4633,0
1456,0
6525,1
8798,0
11631,1
8348,0
6742,1
2299,0
5011,1
3233,0
11747,0
8728,1
8360,1
2192,1
6171,0
10606,1
8408,0
1477,1
3106,0
12049,0
3450,0
6491,0
7610,0
1743,0
467,1
3143,1
2521,1
2122,1
6070,1
2379,0
11712,0
8555,0
2944,0
7488,0
2226,1
9647,1
5845,1
7157,1
10714,0
6037,0
12241,0
3796,0
6455,1
741,0
5627,0
3817,1
1908,1
2723,0
4638,0
9150,0
10720,1
3085,1
5168,0
2744,1
248,0
7859,0
3201,1
9815,1
5320,0
10981,0
3958,0
961,0
9272,1
6262,0
10011,1
12408,0
11909,0
4262,1
1709,1
604,0
11102,0
3484,0
4386,0
1127,0
6990,0
3640,0
10702,1
3524,1
6768,0
2174,1
6809,1
11667,0
9886,1
519,0
3790,0
942,0
1468,1
5151,0
957,1
4436,1
8287,1
5595,0
3102,1
11605,0
1731,0
2829,1
10211,0
5329,0
2205,0
5276,1
3208,0
8350,1
4143,1
10142,1
11305,1
4306,0
8824,0
7297,0
3832,0
10620,1
1631,0
12335,0
5109,0
2852,0
11382,1
1506,1
7213,1
6942,0
10354,1
9976,1
10548,1
11581,0
7282,0
4871,1
12050,0
6915,0
9568,0
2319,1
6925,0
864,1
2969,1
11645,1
8844,0
8496,0
10843,0
660,0
1320,0
1673,0
10101,1
4055,1
11543,0
6492,1
9642,0
1336,0
5626,0
6154,1
794,1
1687,1
10201,0
11071,1
4933,0
4486,1
9900,0
3110,1
1475,0
9961,0
7945,1
7535,0
3022,0
6890,0
1260,0
9218,1
9896,0
9894,0
6313,1
10774,0
7464,0
10926,1
11987,1
1225,0
6871,0
1419,0
11157,1
9940,1
3824,1
12299,0
3745,0
6239,1
10291,1
3664,1
759,0
7696,1
11774,0
8194,1
10792,0
2085,1
7741,0
6739,0
7594,1
4151,0
3461,0
6041,1
6854,1
1900,0
2308,0
11839,1
3323,1
2314,0
2838,0
6987,0
9518,0
5578,1
10361,0
1823,0
5416,0
2916,1
6394,1
9335,1
4342,1
5020,0
1951,0
6005,0
8361,1
11447,0
8547,1
7429,0
4651,1
5661,0
690,1
9295,1
11028,0
3427,1
7141,1
9280,1
6331,1
3161,0
4988,1
8175,0
10925,1
9060,0
7408,0
5494,1
2699,0
6190,0
6713,0
2470,1
4859,0
473,1
12351,0
8207,1
10797,0
2568,1
9192,0
8792,1
3637,1
1049,0
1641,0
1947,1
1566,1
3114,1
6467,1
8929,0
9977,0
9556,1
6382,0
7022,0
217,1
2132,0
9542,0
1945,0
10420,1
8727,1
8592,1
10841,0
5201,0
1723,0
6654,1
6157,1
2400,1
3739,1
2232,1
7100,0
5917,1
1500,0
334,0
1453,0
1303,0
4367,1
8322,1
9433,1
10664,0
9703,1
7681,1
3215,1
7567,1
9107,0
8787,0
2003,0
11695,0
12046,1
3015,1
6335,0
12189,1
1322,0
5235,1
10532,1
6139,1
3576,0
6656,0
5357,0
1159,0
9437,1
11224,1
11903,0
2668,0
5591,1
2814,0
8709,0
11405,0
853,1
5908,1
1983,1
6506,1
919,0
12054,1
3409,1
11096,0
2300,1
8433,1
4240,1
8119,0
2938,0
9729,0
6775,0
6015,0
7679,0
7653,1
11321,1
5910,1
5563,0
97,1
11168,0
397,1
6550,0
2864,1
10689,1
12033,1
6422,1
7086,0
4350,1
7937,1
1261,1
11283,1
3058,0
12142,0
3988,1
2445,1
1133,0
3230,0
1574,1
9566,0
9834,0
11093,1
6145,0
6551,1
11097,1
5892,1
2714,0
250,1
6090,1
4385,1
12007,0
11375,0
11598,1
2857,0
499,1
6194,0
8329,0
5031,1
11990,1
6002,0
5240,0
4476,0
2742,0
3887,0
10365,0
8733,1
5582,0
6659,1
2426,0
9777,1
7360,0
12090,1
5105,0
11506,1
3566,0
912,1
10500,1
7384,0
8268,0
213,0
4455,0
4836,1
10089,0
10121,0
3151,1
309,0
8628,1
7940,0
5382,1
1525,1
50,0
6943,0
4596,1
9838,0
5440,1
6970,0
7192,0
11906,1
5246,0
7038,0
4062,1
3556,0
2026,1
9268,0
2278,0
4752,0
2698,0
7403,1
4506,0
947,0
1361,0
10150,0
1226,0
9983,0
9125,0
6977,0
6593,1
3761,1
11616,0
7451,1
1585,0
11195,1
5487,1
12150,0
2124,1
11145,1
472,1
9956,0
7079,1
7614,0
5363,0
7603,1
1332,1
6490,0
3186,0
1781,1
9094,0
2298,0
3586,0
8023,1
7550,1
11984,1
11474,0
9381,1
8123,1
8657,0
3603,0
9994,0
1502,0
8006,0
12145,1
6744,0
4153,0
5614,1
8849,0
6109,1
2171,1
837,1
11775,1
8773,0
10103,0
6813,1
3639,0
3351,1
3288,1
8846,1
8874,0
8366,0
9891,1
120,0
5922,1
7107,1
1209,0
11898,0
11880,1
8212,1
11416,1
7990,1
583,0
8529,0
6671,1
9793,0
10919,1
2394,0
11758,1
8468,0
12494,1
2193,0
127,1
3052,1
758,0
6432,1
9493,1
10001,0
5060,1
4911,1
1077,1
8066,0
939,1
521,1
12120,1
239,0
7627,0
2808,0
10081,0
9089,0
8489,0
2021,0
4508,0
2759,1
10267,0
6055,1
11637,0
3789,1
3301,1
7769,1
2482,1
6229,1
11618,0
9408,0
1262,0
2011,1
9345,1
2169,0
984,1
11585,1
8900,0
6724,0
10658,1
6414,0
9653,0
3779,0
139,0
8692,0
8580,0
304,0
1815,0
485,1
4163,0
2325,1
11498,0
7833,0
3059,1
4781,0
10908,0
10194,0
4680,1
7036,1
7822,1
2958,1
6499,1
2981,1
1664,0
10469,0
2479,0
3861,0
2076,0
10589,0
10242,1
10254,1
7512,0
10932,1
8036,0
5792,0
10188,0
9462,0
8992,1
1659,1
2529,1
1640,1
11819,0
3963,0
8,0
1552,0
10568,1
241,1
2809,0
10076,0
6816,1
4833,0
9763,0
2930,0
2975,1
8158,1
1827,0
1157,1
1064,0
4542,0
3847,0
11134,1
4092,1
3519,1
5032,0
9561,0
6610,1
9275,1
5768,1
5878,1
532,0
7272,0
2000,1
7399,1
8595,0
12095,0
855,0
9020,0
755,0
1180,1
9487,0
9003,1
6448,1
3314,1
8707,1
3696,0
10530,0
9808,1
3281,0
1663,0
12139,1
3908,1
2515,1
3533,0
5984,1
578,0
9344,1
6938,1
10669,0
4003,0
2539,1
6687,0
4532,0
9030,1
6669,0
10303,0
11154,1
11265,0
12132,0
3266,0
5822,1
1973,0
3002,1
10956,0
162,0
5639,1
11866,1
8537,0
2619,0
3475,0
8314,0
11030,1
3507,1
2039,1
10347,0
5872,0
8882,1
1796,0
6832,1
1340,1
9807,1
8245,0
6323,1
4358,1
10986,0
6218,1
4991,0
2491,1
878,1
6902,1
3593,1
4011,0
11417,1
7061,0
4492,1
10146,1
11692,0
8712,1
9061,1
10728,0
866,1
12062,1
439,1
5843,1
10508,0
10562,1
1250,1
1708,1
3531,0
9857,0
1670,0
4401,1
4729,1
3216,1
1718,0
11943,0
4154,0
8891,1
9340,0
7841,0
8088,1
715,1
7494,1
5317,1
12178,1
7892,1
5746,0
10679,0
6569,1
6453,1
1601,0
10486,0
1185,0
1549,1
611,0
5644,1
11823,1
12447,1
8716,1
4881,0
5475,0
6539,1
2437,1
1861,0
2839,1
7780,0
7893,1
2908,0
7317,0
4288,0
8247,0
12453,1
1744,1
4230,1
9796,0
8392,1
10917,0
5062,1
6067,1
10688,1
5459,1
11687,0
464,0
3990,1
3367,1
234,0
10872,1
3009,1
9103,0
8549,0
11175,1
2088,0
9334,1
956,1
6559,0
3825,0
5445,0
9988,0
4123,0
8881,1
8852,0
9464,0
2876,1
6073,1
11434,0
11608,0
7205,0
10264,0
2049,0
9999,0
9114,0
7838,1
5285,0
12058,0
3943,1
2869,0
5526,0
8611,1
4999,1
7500,1
6800,1
8323,1
11646,1
7753,0
11117,1
8379,1
4878,0
4448,1
447,0
2352,0
9258,1
6639,0
5962,0
11143,1
6991,1
10967,0
1131,1
5309,0
2240,1
11139,1
11396,0
1597,0
3388,0
9517,0
6678,0
8532,1
10517,1
3523,1
4322,1
6022,1
80,0
2924,1
5919,1
6978,1
566,0
518,1
3016,1
10332,1
4531,1
11327,1
7165,0
5663,0
3041,1
4700,1
6692,0
8591,1
8635,1
3669,1
8257,0
887,1
5541,0
3473,0
3133,1
8564,1
9659,1
5269,0
4601,0
5108,0
6578,0
2255,1
5152,0
2563,0
4873,1
6924,0
9971,0
6995,0
1207,1
3491,1
11601,1
3730,0
2159,1
4025,1
11607,0
2571,0
11052,0
8744,0
9714,1
10279,0
7698,0
4790,1
7846,0
3787,1
6777,0
6584,0
2157,1
197,1
10202,1
10458,1
7312,0
266,0
5522,1
999,0
3992,0
7039,0
7274,0
10333,0
3518,0
1848,1
7510,1
12181,0
2401,0
69,1
8905,0
10401,1
8071,0
10253,1
3967,1
11107,1
6476,1
4706,0
3079,0
7589,1
9521,1
10447,1
6545,1
8312,0
11596,0
2178,1
10325,0
2675,0
12164,0
8034,0
6122,0
8545,1
948,0
8805,0
11822,1
10109,0
6981,0
11189,1
7271,1
5110,0
4590,1
9963,0
4477,0
5672,1
9918,1
4732,1
1334,1
2098,1
11996,0
2432,0
10712,1
2634,1
12492,1
7750,0
10784,0
1568,1
12168,0
12416,1
11626,1
5969,1
8005,1
7574,0
8835,1
4119,0
6170,0
2891,1
495,1
7934,1
8186,0
4466,1
5735,1
6853,1
429,1
2237,0
10524,1
5703,1
5748,1
4820,1
634,0
2998,1
11680,0
7495,0
7987,0
12180,1
5704,0
662,0
2837,0
10370,1
6822,1
4115,0
7531,1
3364,1
5730,1
1376,1
3803,1
5191,1
11510,1
3437,1
9945,0
1527,0
6393,1
3237,1
11311,1
6699,1
2164,0
6434,0
1274,0
2550,0
11975,1
4039,1
9873,1
7914,1
5388,1
10023,1
1530,1
12051,1
3424,1
3681,0
6766,1
10882,0
11127,0
1101,1
7722,1
8108,1
1333,1
3068,1
11043,1
11785,1
1991,1
9770,1
5183,0
6045,1
7430,1
3202,0
10696,1
7006,1
6746,0
2632,0
10638,0
5647,0
2015,1
1382,1
7872,1
8841,0
7701,1
1561,0
7245,1
3762,0
9744,0
11688,1
998,1
3094,1
8435,0
1570,0
2607,0
2407,0
5255,0
3333,0
9690,1
2621,0
1924,0
8505,1
4882,0
5941,0
12274,1
5230,0
8486,1
955,1
8879,1
7474,0
143,1
10837,1
7796,1
6622,1
9215,0
2695,1
4642,0
11869,1
11138,1
7037,1
7878,0
5538,0
10695,1
8970,1
4137,0
8026,0
9309,0
7140,0
6406,1
2569,1
4370,1
257,1
4013,0
1128,0
9547,1
2423,0
3615,1
3195,1
420,1
2296,0
2180,1
10732,0
2922,0
7668,1
3907,1
4985,1
6860,0
8614,0
1405,1
11394,1
6267,0
7770,0
7118,0
12071,0
742,1
5431,1
2949,1
1503,0
981,1
11576,1
2497,0
2921,0
12371,1
3995,0
848,1
7586,0
283,0
3325,1
10017,0
9473,1
3815,0
11487,1
3620,0
5781,0
702,0
734,0
7063,0
11889,0
6166,0
5726,0
11450,0
1028,0
356,1
5323,0
3393,0
7339,0
5022,1
12244,0
9066,1
3522,1
3698,0
11905,0
4737,1
8772,0
2950,1
9692,0
3991,0
4803,1
4968,0
1126,0
8673,1
5069,1
1995,0
5433,1
6581,0
11359,0
4199,1
10913,0
4124,0
5234,1
7286,0
12064,1
9557,1
5819,1
9750,0
5174,0
6750,0
7792,0
5552,0
1428,1
5204,0
4942,1
4745,1
8649,0
2420,1
10941,0
651,1
9655,1
7552,1
1880,0
7335,0
2364,0
9188,1
4919,1
321,0
5787,1
10823,0
11818,0
2396,0
11602,1
2136,1
351,0
4916,0
5924,1
11531,0
1488,0
12296,0
3104,0
9472,1
5142,0
1124,1
1026,1
6204,0
7946,1
3791,0
2327,1
8561,1
8417,0
4976,1
3728,0
8132,0
7562,1
9656,0
2932,0
8087,0
1410,0
11285,0
270,1
8660,0
8138,0
323,0
5920,0
2347,1
2951,1
8181,0
11994,0
11700,0
8381,0
3103,1
5035,1
8219,1
1806,0
11090,1
5907,0
12251,1
2878,1
1737,1
11606,0
12034,0
10161,0
10484,1
9021,1
5983,1
6625,1
414,0
6540,1
9171,1
494,0
9226,0
4958,0
10353,0
4247,1
12311,1
640,0
2688,0
4893,0
10038,1
10100,1
227,1
6121,1
4452,1
4588,0
5539,1
6238,0
359,0
9151,1
6068,0
8017,0
9494,0
1349,0
10723,1
5340,0
1430,1
5226,1
2359,1
4087,0
2579,1
3938,0
7427,1
3793,1
12315,1
7634,0
7009,0
1138,0
9728,0
12097,0
4285,0
10550,1
11296,1
1057,1
2293,0
10452,1
7449,0
152,0
12140,1
4585,0
5952,1
11741,1
8288,1
5154,0
9696,0
10448,1
12214,0
7024,0
12149,1
161,0
10363,0
9234,1
4782,1
8440,1
3490,1
1418,0
2128,0
2892,1
4314,1
7932,1
7361,1
12308,0
1167,1
6969,0
868,0
7108,0
9432,0
7422,1
12122,1
7114,1
4894,1
6200,1
1204,0
3028,1
10025,1
7433,0
10531,1
8202,1
7265,1
2532,1
7446,1
11853,0
4634,0
4683,0
12403,1
6133,0
1377,1
7830,0
1926,0
12415,0
2103,1
6804,1
8450,0
1792,0
5482,0
11683,1
3132,0
2803,0
7167,0
7570,0
2985,0
10205,0
8954,0
11706,1
1214,1
12326,0
1878,1
4825,1
2627,1
9180,0
6828,1
5092,0
11492,0
9291,1
349,0
3750,0
4575,1
6024,0
8442,1
1738,0
7956,1
11662,0
552,1
463,1
10918,0
7117,1
7720,0
9327,0
711,0
12406,0
163,0
4277,0
11163,0
8010,1
7518,1
7650,0
3525,0
11095,0
8573,1
3263,0
10674,0
8318,0
7240,0
10479,1
3872,0
4840,1
10676,0
2982,1
5465,1
12141,0
2351,1
6192,1
10801,1
2603,0
2274,0
3124,1
294,0
10672,0
5346,1
9002,0
4425,0
7534,1
1537,1
2518,1
2604,0
8127,1
427,1
9843,1
2004,1
4628,1
4925,0
1583,1
4238,1
12359,1
9523,0
4369,1
8376,0
4648,0
3410,1
7441,0
12094,1
6297,0
7003,0
5722,0
11716,1
6078,1
6141,1
10995,0
11722,0
8161,0
6164,0
10115,0
1524,0
592,0
1470,1
4981,0
10842,0
1649,0
6103,1
8956,0
7904,0
4615,0
9211,0
1245,1
6071,0
5874,1
7043,1
7600,1
5734,0
2219,0
12295,0
8307,0
7385,0
5869,1
7811,0
2179,1
7684,1
11316,1
3441,1
7628,1
10417,0
7649,0
979,1
11344,1
3596,1
9932,1
7571,0
12077,0
5017,1
5044,0
2340,1
9143,1
7612,1
10108,1
4187,0
2316,1
7295,0
9882,1
7693,0
9266,1
5146,1
10990,1
527,1
6186,1
9716,0
12148,0
6296,0
12125,0
6526,1
7541,1
11877,1
7664,1
3844,1
6989,0
5974,0
9022,1
12323,1
6358,0
9771,1
9126,1
1579,0
308,0
10733,1
11743,0
2685,0
11455,0
12400,1
11781,1
1826,1
123,1
6236,1
10766,1
8562,1
6544,1
3964,0
8520,0
3137,0
2081,1
6334,0
5106,0
5718,1
10879,1
3101,1
1936,0
9088,0
11508,0
11360,1
7106,0
1538,1
1398,0
11832,0
12449,0
3849,1
8811,1
8771,1
6723,0
6329,0
3228,0
1289,1
10923,0
5963,0
937,0
8808,0
12394,0
4008,0
3200,1
1959,0
408,0
6165,0
8159,1
3528,1
2295,1
6519,0
7278,0
6143,0
6542,1
8058,1
7950,0
8102,1
9990,0
353,1
11969,1
8729,1
7007,0
12396,0
6852,1
3880,0
6754,1
9953,0
11200,0
7432,0
12421,1
10166,1
2989,0
2238,1
6057,0
377,1
7953,0
2241,1
2246,1
9123,0
1903,1
5084,0
6277,1
11517,1
4293,0
7877,0
10073,1
928,0
441,0
1793,0
7248,1
11319,1
10446,0
2867,1
8999,0
12235,1
6951,0
8828,1
10915,0
5555,1
2733,0
7677,0
7020,0
6904,0
8927,1
2242,0
9389,0
3225,0
3470,1
10647,0
11381,0
292,1
7094,0
3109,1
1630,1
226,1
11842,0
1686,1
11765,1
946,1
6017,1
5019,1
5512,1
3284,1
5745,0
5554,1
2355,1
10759,0
3271,0
9906,0
6214,1
8664,0
12245,0
12169,0
8694,1
598,0
2770,1
2212,1
10067,0
11235,1
53,0
8116,0
8840,0
605,0
11886,1
10052,0
11291,0
418,1
970,1
5743,0
6691,0
288,0
9814,0
1789,1
5898,1
920,0
10344,0
9689,0
4493,0
6680,0
638,0
7887,1
8069,0
2307,0
7902,1
3,1
7582,1
568,1
6825,1
12417,0
1624,0
815,1
3076,1
6690,0
1742,1
3892,0
1622,0
11310,1
10244,1
10977,0
1712,0
1125,0
7785,1
4618,1
1869,0
8795,0
9456,1
7910,0
2729,0
5871,0
11547,0
11523,0
177,1
10960,0
9674,1
642,0
4374,0
9292,0
3486,1
4343,0
8725,1
4145,1
3145,1
11921,1
4301,0
12475,0
10566,1
1865,1
6745,1
5608,1
5345,0
9938,1
12228,1
7199,1
49,1
2,1
6930,0
11469,1
11061,0
1148,0
3945,1
3111,1
3629,0
10114,0
3651,1
2630,0
8187,1
12036,0
5737,1
7835,1
3116,1
2349,0
3619,1
1595,0
415,1
5890,1
6000,1
2361,1
8714,0
7581,0
11981,0
6776,0
8157,1
768,1
5284,0
12469,0
8752,0
8125,0
5141,1
7711,1
980,1
3113,0
4221,0
8030,0
5695,0
6050,0
2002,1
10565,1
10632,1
6028,1
11428,1
3599,1
6657,0
5881,1
4748,1
3758,1
7285,1
10516,1
4336,0
10822,1
8686,0
9039,0
5620,1
4464,1
681,1
5665,1
4382,0
2928,1
8809,1
417,1
7051,1
5079,0
5349,1
4699,1
10075,0
9261,1
6907,1
10094,1
3025,0
6359,0
6882,0
9257,0
11051,1
12138,0
1703,1
6198,0
4513,0
12374,0
2596,0
9969,1
6225,1
8045,1
12019,0
3532,1
7170,0
9347,1
10705,0
8863,1
1611,0
8719,1
8113,1
4889,1
3700,0
6324,0
6237,1
2112,0
10897,0
11421,0
5061,1
6640,1
5731,1
2167,0
500,0
10701,1
2223,1
200,1
11647,1
7292,0
2996,1
10394,0
301,0
8259,1
5636,0
7142,1
1604,0
11278,1
1994,1
5682,0
1399,1
3732,1
133,0
11820,0
791,1
4071,1
7773,0
6424,0
4104,1
4525,0
6819,1
3746,0
7917,0
12227,0
2880,0
3924,1
2606,1
11057,1
10257,0
9881,0
6147,0
10263,1
3657,0
9737,0
609,0
4442,0
10097,1
11568,0
6388,1
3069,1
6856,1
6512,1
3718,1
1692,1
12101,0
6371,0
9629,0
6270,0
11963,1
944,1
12053,0
8246,1
4245,1
9158,1
230,0
10235,0
9630,1
2429,0
12026,1
5612,0
2330,1
1844,0
8177,1
12200,1
4640,1
4787,1
10529,0
7223,1
7980,0
6501,0
2768,1
1621,0
9305,0
2395,0
6679,1
4183,0
10607,0
910,0
10972,0
11854,0
3878,0
5367,0
2210,1
4759,0
4754,0
8986,1
2183,0
2104,1
9742,1
8205,1
3084,0
7988,1
7855,0
10238,1
10220,1
1706,1
3043,1
7320,0
9446,0
2065,1
907,1
7691,1
7861,0
1168,0
2032,0
1519,1
7685,0
1749,0
335,0
818,1
9400,0
4516,1
12160,1
4426,1
445,0
11348,1
10504,1
7093,1
6818,1
7869,1
7472,1
4720,1
7132,1
1451,0
11147,1
2558,0
9440,0
8445,1
6278,0
4131,1
9259,1
9095,1
9312,1
6624,0
3354,1
7250,0
2745,1
5670,1
7922,1
10053,1
2547,1
5586,1
5873,1
2637,0
7016,0
3511,1
6715,1
2556,1
1513,0
8510,1
10601,1
5524,1
7979,0
1192,0
9469,0
6725,1
7576,0
1863,1
11666,0
5104,0
9619,1
11024,1
259,0
11362,0
6370,0
7329,0
3920,0
5757,0
9604,1
11679,0
7154,0
4658,0
12283,0
1779,0
11256,0
5228,1
6565,0
2706,0
7971,0
7690,0
3828,1
6269,0
11544,0
4059,0
6259,0
7212,0
2216,1
5257,0
3166,1
9488,1
1523,0
1489,0
2272,1
5738,1
9965,0
106,1
6851,0
10875,1
8754,0
2934,0
9987,1
1890,0
7046,0
10405,0
11828,1
2531,0
3309,1
7636,0
3482,1
633,1
11254,1
12136,0
750,1
237,0
546,0
4519,0
449,0
4945,0
8303,1
9614,0
4850,1
4458,0
5130,1
1591,1
1550,0
362,0
7499,1
8464,1
3192,1
9856,0
2123,1
8101,1
10997,0
803,0
12199,1
11539,1
5823,0
5328,1
6009,0
2645,0
10894,0
5005,0
3184,1
9962,1
11630,1
11802,1
3720,0
6576,0
1275,1
6172,0
5846,0
6879,1
3182,1
1161,0
7352,1
4780,1
966,1
3086,1
11171,0
107,0
3543,0
3480,0
9570,0
8463,1
3498,0
3654,0
6855,0
3218,0
6703,1
10255,1
10207,1
3018,1
7556,0
1674,0
2984,1
5293,1
1569,1
6700,1
2796,1
41,1
365,1
2651,1
10501,1
7299,0
9321,1
9444,0
5442,1
2528,0
10055,0
4630,1
4783,1
4684,1
1989,1
6051,1
59,1
4273,0
4066,0
8439,1
4072,1
6623,0
9072,1
12088,1
4529,0
6577,1
6291,0
11835,1
5356,0
4669,1
2677,1
3007,1
8223,1
2847,1
1490,1
6305,1
9078,0
10315,1
228,0
875,0
4946,1
911,0
8978,0
9460,1
2381,1
3752,1
6849,1
3459,1
9993,0
11863,1
11022,0
9419,1
507,1
2750,0
3957,0
11705,1
6423,0
1716,1
8534,1
3157,1
2511,1
993,0
6058,0
2889,1
7651,0
6110,0
10239,0
4427,1
5713,0
2665,0
1457,1
256,0
1132,0
1306,1
10012,0
5902,0
11204,1
8553,0
11237,1
10217,1
9289,1
10462,1
6998,0
3584,0
3477,0
10902,1
9401,1
10662,1
10051,0
8745,1
3893,1
3310,1
697,0
2751,1
9733,0
1710,0
1837,1
3510,0
10127,1
9491,0
12192,1
4960,1
9111,1
3290,0
11406,1
9353,0
7393,1
2666,1
9605,0
210,0
9890,1
5766,0
7983,0
10814,0
10750,1
829,1
3948,1
11617,1
11559,0
8106,0
5314,1
4029,0
10513,0
5018,0
5330,0
3865,0
3667,0
5883,1
1543,0
3287,1
8265,0
2483,1
8420,0
2201,1
10525,0
6765,0
6553,0
7615,1
5606,0
11592,0
8880,1
11446,0
158,1
10091,0
5476,0
8568,1
6884,0
753,0
5148,1
12360,1
8184,0
10272,0
2087,0
9153,1
11852,1
6536,1
587,0
2678,1
4984,1
1224,1
10223,0
3910,1
1953,0
8514,0
3848,0
7068,1
1343,1
8696,1
6736,0
4693,1
9850,1
4010,0
1610,1
8014,1
3529,1
589,0
7609,1
3806,1
11499,0
4017,0
1239,0
10422,0
9916,1
12103,0
8764,0
9075,1
2994,0
10686,0
8669,0
9042,0
1856,1
5172,1
3203,1
4378,1
2720,1
9875,1
3377,0
9219,0
3468,1
8461,1
10301,0
7381,0
744,0
3653,1
11284,1
6258,0
52,0
4900,0
10249,1
6268,0
5401,0
11725,1
8398,1
9207,1
10968,1
11190,0
5739,1
6944,1
10250,0
10600,1
9195,0
8363,0
7019,0
5816,0
7338,1
799,0
7660,1
8738,1
3308,1
4746,1
5391,1
2213,0
9791,0
6712,1
619,1
4467,1
6686,0
363,1
10342,1
7227,0
3965,1
1234,0
10030,1
12082,1
1902,1
11213,1
11366,1
6873,0
5662,1
10646,0
2791,1
4020,0
7452,0
10005,0
7057,0
4398,0
26,1
247,1
182,1
7947,1
10651,1
2736,0
663,0
1867,0
7239,0
11582,0
2301,1
2776,1
10227,0
1476,1
2070,1
10730,1
6231,1
3826,1
2823,0
3083,1
906,0
6896,0
1433,1
7349,0
10359,1
12042,0
8231,0
710,1
9702,1
1578,0
2270,0
9511,0
8688,1
4786,1
10547,0
1106,1
11739,0
879,1
1603,0
5514,1
9799,1
67,1
9845,0
2409,1
11005,1
5029,1
11439,1
6418,0
1976,0
3659,1
1625,1
7687,0
10503,0
5208,0
9947,1
4675,1
7745,1
2398,1
8415,1
3778,1
1676,1
10888,1
4354,1
7275,1
186,0
5547,0
2594,1
7640,0
8966,1
7,0
5889,0
2674,0
10018,0
3568,1
4528,0
5263,0
8459,0
6752,0
10621,0
9463,0
10614,0
5194,1
5861,0
7477,0
4063,1
9032,0
790,1
1041,0
11067,0
3733,0
9260,0
8894,0
10553,0
1324,0
9778,1
1309,0
1866,1
7306,0
6644,0
8679,0
10381,0
2976,0
7346,1
2899,1
421,1
3319,0
899,1
8613,1
12340,0
7148,1
6397,0
5899,0
1518,0
9098,0
11216,0
9809,1
9,0
10152,0
11571,1
8605,0
9282,1
10794,1
11433,0
225,1
4586,1
9354,1
10827,0
9697,0
8182,1
689,0
5530,0
10592,0
2109,1
10455,0
6842,1
12087,1
6733,0
3455,0
9915,0
11074,0
10836,1
573,1
5351,1
7661,0
4883,1
9997,1
10006,0
2862,0
1093,1
5138,0
10940,1
1085,0
11884,0
6945,0
12217,0
8768,0
11343,1
7484,1
4443,1
2849,0
11562,1
8839,1
2792,1
9578,0
6521,0
7249,0
475,1
2797,0
9455,0
7802,0
11342,0
4304,1
5990,1
10654,0
4391,1
7702,0
8952,1
9166,0
617,1
8262,0
4278,0
2602,1
10213,1
12265,0
5379,0
3485,1
10383,0
1103,0
4078,0
4305,0
5689,1
1344,0
9884,0
8838,1
5571,1
2430,1
10764,0
6763,1
12231,1
8254,0
11738,0
6574,1
12203,0
1794,1
2757,1
4959,1
10721,0
2534,0
3505,1
1139,1
7599,1
8876,0
5569,0
5497,1
9447,0
424,1
10655,0
2660,0
5435,0
5466,0
10572,0
5562,1
2592,0
5685,0
12237,1
2062,1
8061,1
2935,0
7924,0
6441,0
1345,0
9006,1
7511,0
9179,1
2595,0
187,0
7735,1
4022,0
12452,1
5587,1
9618,1
4582,0
10982,1
1970,1
8028,1
7208,0
7246,1
4823,1
1515,0
3708,1
8629,1
11757,1
11292,0
8147,1
9592,0
11991,0
1447,0
11059,0
12201,0
11042,0
6764,0
4750,1
7853,1
150,0
2427,0
5454,1
12312,0
2135,1
11238,1
3011,1
2073,0
8947,1
2811,0
5114,1
3609,0
5705,0
11388,0
1291,0
9109,1
1449,1
12250,0
1271,1
9496,0
11899,0
3704,0
1988,0
10789,0
3321,1
1829,1
6799,1
4362,1
296,1
2752,1
12276,0
8389,1
1113,0
7389,0
12472,1
8705,0
5037,0
11532,0
9968,1
5132,0
3960,1
5994,0
4479,0
5763,0
6411,0
8238,1
7412,1
2850,0
8710,0
11578,0
10577,1
9645,1
11610,0
5337,1
4997,0
8552,1
1287,0
9887,1
8449,1
10581,1
11665,1
2060,1
6585,1
3774,1
1735,0
3550,1
10387,1
11857,0
5127,1
2856,1
8932,0
614,0
8964,1
7379,1
5418,1
9431,1
4146,0
4677,1
7200,1
4704,0
4471,1
6400,1
1582,0
8308,0
11701,0
3183,0
7307,0
9832,0
765,1
8928,0
1943,0
7168,1
11315,1
11246,1
12385,1
340,0
3869,0
10432,1
11849,1
1066,1
9037,0
1652,0
430,1
12433,1
8104,0
8942,0
8143,1
7095,0
3328,1
2464,1
8516,1
6527,1
11553,1
646,0
9131,0
6459,0
7516,1
814,1
12355,0
3724,0
1581,1
8533,0
1110,0
1893,0
2522,0
2830,1
4597,0
9209,0
7880,1
2488,0
4032,1
3812,1
8074,1
1254,0
9409,1
4381,0
3343,0
3931,1
5696,1
435,1
2636,0
7816,1
6793,1
2467,1
2370,0
4687,0
8527,1
2320,1
5385,1
3289,0
289,1
3017,1
5404,1
6246,1
5200,1
8973,0
2365,0
179,0
8827,1
7302,0
10159,1
11341,1
9365,1
5500,0
10682,0
7137,0
8893,0
6547,0
2465,1
3277,1
10704,0
10319,0
8367,0
4944,0
12414,1
8782,0
2615,0
2335,0
147,1
2153,0
10944,0
915,0
4186,1
8715,1
9154,0
11814,1
8519,0
5977,0
9549,1
6901,1
8961,1
8700,1
12075,1
66,1
4566,1
11247,1
10795,1
5384,0
3997,1
11184,0
7437,0
3947,1
2771,1
9053,0
11328,0
10584,1
8029,0
11404,0
5360,0
3602,0
8239,0
6401,0
9250,0
10326,1
10155,1
11518,0
5481,1
1033,0
4170,1
6814,1
171,0
11851,1
3725,0
6759,1
774,0
6706,0
9942,0
5863,0
7001,1
8775,1
8070,1
6316,0
12473,0
9119,1
7646,0
7090,1
4261,1
231,1
8293,0
8444,1
7643,1
7925,1
503,1
9522,0
10742,1
10334,0
7647,1
5396,1
5432,1
4295,1
9644,0
10717,1
3320,0
12354,1
4139,0
9177,1
10922,0
10659,1
8975,1
2942,0
9944,1
6254,1
9506,0
11879,1
11240,0
11965,0
4810,0
7222,0
11992,0
6810,0
9676,0
10302,1
8890,0
4407,1
1295,0
732,1
9294,1
8702,1
610,1
5034,0
10861,1
10599,1
11108,0
6862,1
12361,1
6271,0
12451,0
9679,1
5055,0
10027,1
11164,1
2348,0
297,1
4105,0
11728,0
7644,1
3122,0
7101,0
3021,1
11010,1
3757,1
12240,0
5995,1
1520,0
6953,1
560,1
7537,1
5953,0
5774,0
4507,0
2826,1
5986,0
8146,0
2535,0
193,0
8853,0
7195,1
10889,0
5844,0
11153,1
4839,0
11298,0
5638,0
3854,0
8188,0
7984,0
7920,1
10107,0
10224,0
4777,0
575,0
9148,1
4040,1
10102,1
4214,0
9181,1
5557,0
10537,1
7626,0
8965,1
11062,1
9071,0
8039,0
12030,0
11928,1
219,1
8352,0
731,1
11489,0
3937,1
2009,1
148,0
3562,1
9357,1
169,0
2738,1
11620,0
5210,1
7466,0
2833,1
11872,0
743,1
10128,0
9586,0
1420,1
3751,1
11537,1
10418,0
175,1
12272,0
10883,1
11837,0
8521,0
9315,1
5353,0
4260,1
669,1
4208,1
7219,1
7824,0
11424,0
9395,0
897,1
2457,1
7790,1
8924,1
7565,0
1509,1
6352,0
1774,0
6627,1
3941,1
9610,0
1701,1
9643,1
11891,0
9621,0
4280,0
6753,1
10978,0
1741,0
5350,1
3380,1
4249,0
8244,0
2224,0
3273,1
10509,1
2591,0
4121,1
2872,0
11459,1
1491,0
2249,0
7895,0
4888,0
1276,1
8009,0
8627,0
11369,0
11411,1
7448,1
11282,1
11174,1
6661,1
5706,1
7105,0
7164,0
4416,1
11077,0
11364,0
7755,0
10740,0
7263,1
11441,1
8378,1
1047,0
3096,1
10399,1
4253,0
2230,1
402,0
4340,1
7952,1
4624,1
8390,0
5959,0
10288,0
9693,0
624,0
4643,1
516,1
2181,0
4957,0
2346,0
9926,1
1969,0
10514,1
2756,1
11502,0
9392,0
195,1
5115,0
9786,1
3487,0
9120,0
7323,1
10979,1
1316,0
2983,0
5716,0
10910,0
7032,0
10297,1
6518,0
238,1
7607,0
5336,1
2601,1
3904,1
7353,1
2929,0
8176,0
6379,1
1923,0
4321,1
9842,0
4229,1
9775,1
4552,0
2281,1
1978,0
3592,0
9288,0
9011,1
244,1
2638,1
3274,1
11482,0
9031,1
11415,0
10848,1
12457,0
6445,1
1975,0
6498,0
4181,0
4408,1
8668,1
11855,1
707,1
1642,1
10494,1
558,1
7865,0
2303,0
7517,1
8539,1
3191,0
11575,1
4402,0
3632,1
6178,1
2696,0
4352,1
3594,0
1602,1
3134,1
6996,0
2786,1
11753,1
7631,1
8607,0
1759,1
6319,1
4112,0
3429,0
11574,0
1437,1
1733,1
11463,0
7525,0
6956,1
10708,0
1517,0
2884,1
950,1
10356,0
10962,1
40,0
3679,0
7496,1
9841,0
10969,1
2441,0
7144,1
12320,1
5296,0
9611,1
2509,1
302,0
2716,1
5993,1
4682,0
1130,1
5528,1
10216,1
6971,0
10942,0
969,1
199,0
9332,0
2986,0
2463,0
9383,0
7490,1
5942,0
9281,1
3494,1
2102,1
5248,0
5407,1
7569,0
5464,1
11273,1
11989,0
5021,1
12028,1
3976,0
6446,1
11730,0
9191,1
3555,0
2844,1
6543,0
12066,0
332,1
3090,0
9206,1
3514,0
1559,0
1650,1
11697,1
11241,1
9794,0
7821,0
11288,0
1145,1
9403,0
1305,1
1495,1
5619,1
10877,0
3073,1
5935,1
963,1
3453,0
5149,0
7573,0
7083,1
860,0
5165,1
3648,1
1544,1
8339,1
2711,0
2077,1
5159,1
6689,0
5949,0
5903,0
6135,0
10947,0
3784,1
3526,1
2392,0
3046,0
3684,1
3814,1
7719,1
9434,0
807,1
811,0
11653,0
4101,0
7642,1
8311,0
10965,0
4128,0
8475,0
6919,0
11827,1
10595,1
4286,1
7624,0
6097,1
1285,0
8974,1
9374,0
10855,1
9412,0
6260,1
6535,0
12063,0
269,1
10397,0
12277,1
10533,0
124,0
12379,1
3689,0
5741,0
5358,1
3801,1
6959,0
385,1
9155,1
9110,0
7931,0
5090,1
7405,0
10973,1
3829,1
1387,1
8216,1
11632,0
4077,1
10880,0
9722,0
8272,0
11025,0
10539,0
11911,0
1182,1
1136,1
6362,0
5847,0
676,1
2492,0
3830,0
553,0
2436,0
7261,1
5579,0
9802,0
8462,0
7783,1
5849,1
2493,0
3542,1
12482,0
10481,0
2294,1
3031,0
8343,1
8823,1
6667,0
1440,0
10966,1
6465,0
10751,0
1700,0
7193,0
6288,1
10832,1
2541,1
3460,0
5081,1
4814,1
11668,0
1063,0
6710,1
8169,1
2667,0
10857,1
4654,1
6101,1
9270,0
6404,1
2787,1
2589,1
7700,1
6952,1
9911,1
12412,1
7831,0
8271,1
2386,1
10430,0
1184,1
2261,1
7613,1
10208,1
5070,1
4200,0
4861,1
5271,1
5749,1
5979,1
7166,1
1542,1
1875,0
3267,0
2287,0
10576,0
12425,1
3690,1
8676,1
6554,1
12370,0
8820,0
8763,0
739,0
885,1
12333,1
2056,1
9490,1
7423,1
9537,1
4884,0
10072,0
4691,1
10413,0
9168,1
9350,1
5646,0
3390,0
4289,1
877,0
8995,1
11301,0
10048,1
4244,0
1091,1
6203,1
4887,1
4284,0
2990,1
2691,1
9254,1
4392,0
11223,0
412,1
3384,1
5003,1
8857,1
267,0
4606,1
12467,0
2825,0
8959,1
3743,0
7143,1
8080,1
6531,0
737,0
3144,0
11513,1
11861,1
12187,0
4413,1
10062,0
249,0
341,0
4928,0
8364,1
10000,1
1413,0
10758,1
3162,1
5972,1
3412,1
8242,1
190,1
6482,1
10197,1
10598,1
3056,0
766,1
12465,0
7789,1
10331,0
12328,1
8663,1
9620,0
265,1
3206,1
2413,0
6653,1
5815,1
7501,0
7489,1
5765,1
1069,0
1657,0
6975,0
9617,0
11983,1
5218,1
1714,1
2611,0
4171,1
10151,0
110,1
7548,1
3993,0
7465,1
10938,0
7322,0
11541,1
7153,1
11641,0
4172,0
3082,1
2166,0
3503,0
5185,0
12151,0
6741,1
5875,0
9214,1
8971,1
8816,1
2312,0
9498,0
4393,1
10887,0
574,1
444,0
7795,0
12375,1
10327,1
4806,0
9199,1
8834,1
10187,1
4254,0
576,1
6858,1
6484,0
2064,1
4397,1
4623,1
10678,0
1753,1
5225,1
2831,0
10976,1
3042,0
10160,0
10710,0
10173,0
2762,0
5605,0
4598,1
11357,1
5124,0
7767,0
12005,1
11721,0
11484,0
8149,0
10665,1
7254,1
4061,0
8237,0
6886,1
2194,1
11496,1
10782,1
2378,1
1807,1
12338,0
10348,1
3032,1
4701,0
5335,0
3105,1
9569,1
6461,1
7324,0
5195,0
2788,1
4384,1
7793,0
6561,0
12327,0
6195,0
1729,0
7894,1
2557,0
12091,0
7375,1
12303,1
10423,0
9070,0
7593,0
7994,0
10314,0
11347,1
3064,1
7935,1
10079,0
735,1
821,1
2901,0
1694,0
3777,0
3866,0
325,1
6751,1
1190,0
9047,0
10074,0
10847,1
1980,1
8022,0
6219,1
7533,0
3092,1
12440,1
243,0
2739,1
9016,0
3177,0
12175,1
11324,0
6215,1
3369,0
6672,1
7673,0
828,1
3381,0
7538,1
216,1
8091,1
35,0
3764,0
6047,1
3755,1
11514,1
11674,1
7139,1
7851,0
2747,0
3153,0
1751,1
5093,0
3121,0
7739,0
8319,1
7392,1
5366,1
8699,1
11812,1
3095,1
9362,1
9000,1
5189,1
5134,0
1819,1
9035,0
12205,0
657,1
3665,0
7158,1
4275,0
922,1
3799,1
9149,0
2028,0
9358,1
204,1
5145,1
5243,1
3962,1
104,0
5914,0
5030,1
4494,1
6234,1
3870,0
12270,1
9585,0
483,1
3276,1
11974,0
840,0
4716,0
6645,0
9213,0
9691,1
730,1
8760,0
1284,1
11676,0
7273,0
8081,0
10277,0
6889,0
3292,1
12067,0
11833,1
11386,1
279,0
476,0
1210,1
4951,0
2954,0
10096,1
5834,1
2116,0
7138,1
2334,1
10884,0
631,1
11707,0
3662,0
29,0
1216,1
1498,1
2919,1
6052,0
6619,1
851,1
11451,1
1851,1
11655,1
1249,0
531,1
360,0
793,1
11985,1
6030,1
5989,1
12471,1
4540,0
3107,0
5364,0
10725,1
6572,1
11904,1
83,1
2906,0
8866,0
1780,0
9293,0
2517,0
116,0
1408,0
11040,0
4175,1
11948,0
5839,0
3914,1
548,1
8437,0
7813,1
10781,0
11431,0
8872,0
7267,1
7087,0
2385,1
1251,0
4672,0
11390,0
9928,0
6487,0
4157,0
5341,0
2780,0
477,0
2641,1
10144,1
9339,0
2221,1
5649,1
9955,1
8877,1
4457,1
8393,0
9015,0
8043,1
4311,1
12497,0
11101,1
5702,0
8117,1
9594,1
6595,0
10312,0
808,0
9658,0
8063,0
10898,1
2726,0
46,1
96,0
11708,0
2622,0
3027,0
6694,0
7721,0
4660,0
12289,1
8078,1
12484,1
4697,0
5826,1
7524,1
7757,0
10680,1
4636,1
534,1
3738,0
9136,1
9986,1
10078,1
11346,1
8233,0
4207,0
8310,1
12460,1
7918,1
7301,0
9738,1
8751,0
3776,0
3285,0
2487,1
8488,1
2917,0
11070,1
11522,1
11333,1
12413,0
2206,0
12155,1
9337,0
7236,0
12382,1
4082,1
2927,1
1369,1
9323,1
4604,0
4057,0
6473,1
9529,0
10554,1
7053,1
2836,0
11773,1
7579,1
7475,1
971,1
4281,0
9457,0
7733,0
9919,1
3652,0
3077,0
6332,1
8243,1
8889,1
4236,0
10542,0
11400,1
4778,0
3975,0
4735,0
2576,0
3642,1
5841,0
12443,1
5508,1
11194,1
6008,0
2997,0
3282,0
10195,1
3950,1
12114,1
6963,1
465,0
208,0
1152,0
7583,0
11723,1
2888,0
2731,0
1822,0
1172,1
4671,1
11726,0
11272,1
12388,1
12177,1
637,1
2505,1
3443,0
3979,1
6251,1
2380,0
7703,0
8324,1
8480,0
2769,0
3115,1
12096,1
7774,1
6685,1
1956,1
125,0
9360,1
4964,0
10767,1
8013,0
10271,1
3508,1
12006,1
8551,0
68,0
9725,0
10559,1
3676,1
8279,1
10526,1
7862,0
1282,0
8770,0
1484,0
151,1
1053,1
6276,0
10318,0
4069,1
497,0
6921,0
11003,0
9901,0
9477,0
258,1
5683,0
1918,0
10661,1
6224,1
9904,0
10352,1
5389,0
5724,0
11710,0
1149,1
1818,0
11501,0
12377,1
11625,1
3765,1
3445,1
5063,1
4341,1
12167,1
7617,0
5369,1
9092,0
9475,0
1327,1
924,0
3331,1
6106,1
155,1
4666,1
11524,1
2964,1
12020,0
6230,1
5597,0
1240,0
6779,1
3959,0
8403,1
7031,1
8198,0
9115,1
8068,1
4789,0
4177,1
3300,0
4195,1
117,0
4612,0
157,0
1335,0
2275,1
1884,1
6265,1
1292,1
8483,1
2044,0
986,0
6865,0
4890,1
8255,1
6364,0
11614,0
10834,1
2904,1
2422,1
779,1
5123,1
4197,0
491,1
9516,1
10435,0
4337,0
9933,1
7161,1
7402,0
281,0
8717,0
2690,0
1096,1
5203,1
6718,1
3305,0
2254,0
4765,1
6642,0
7638,0
10214,1
6641,1
5967,0
11830,0
1386,1
8859,0
1137,0
9764,1
416,0
6163,1
8229,1
1906,1
423,1
3572,1
4447,1
4523,0
5976,1
9538,0
10755,1
10153,1
8225,0
10515,0
2234,1
3275,0
9262,0
11664,0
4161,1
7331,0
6611,1
11945,0
5467,1
11967,1
1197,1
8985,1
10061,0
8375,1
6909,0
10156,0
682,0
2399,0
2578,0
60,0
9361,1
6537,0
1056,1
7839,1
12430,1
3736,1
763,1
9320,1
6343,0
12398,0
9555,0
2608,0
2646,0
5502,0
7786,0
9161,1
5932,0
1535,0
3530,1
9590,0
11744,0
5678,0
4827,0
12158,1
4793,0
12387,0
3378,1
9273,1
10184,0
4910,0
1141,0
12107,1
91,0
1065,0
11745,0
9844,1
10285,1
5163,1
5506,0
9244,1
7772,0
5840,0
3763,0
12055,1
6280,1
11977,1
7418,0
10196,1
4399,0
11229,1
10372,1
10476,1
6293,1
119,1
6582,0
7678,1
5777,1
1480,1
3141,1
6403,0
7483,0
2612,1
2767,1
7052,1
9424,1
4848,0
7873,1
39,1
1986,1
4730,1
3773,0
713,1
4184,0
10893,0
3772,1
2824,1
4613,0
5742,1
11612,0
849,0
5674,0
13,0
2199,0
4324,0
263,0
10063,1
9772,1
4756,1
11472,1
12474,0
298,1
5654,0
1740,0
5059,0
10511,0
1786,1
11065,1
7959,0
4110,1
5901,1
4956,0
5288,1
8747,0
8046,0
4722,0
8217,1
11740,1
2933,0
2235,0
12195,0
2143,1
2155,1
183,0
6709,0
5510,1
8777,0
3936,0
5566,0
7242,0
4038,0
7507,0
9227,1
2898,0
5698,1
1618,0
5206,0
5450,1
5013,0
12318,1
4605,0
2946,1
8631,0
7776,1
135,0
3255,0
2366,1
6300,0
7536,1
5877,1
9284,1
2202,1
260,0
1693,1
5855,0
2777,1
9662,0
3661,1
9628,0
4193,0
1620,1
47,0
10374,1
4048,0
747,1
10666,1
2705,0
11023,1
1809,1
4027,1
11623,1
10116,1
9029,0
1070,1
2730,1
293,1
1232,1
2543,1
2162,0
5256,1
1639,1
5157,1
10626,0
5436,1
33,1
6903,0
10306,1
1773,1
7530,1
6478,1
7181,1
1395,1
3332,0
572,0
3158,0
7662,1
11188,1
6395,1
9762,0
11001,1
1221,0
11644,0
11313,0
1931,0
5121,1
9238,1
4152,1
10573,0
12079,1
8008,1
704,0
6695,0
4495,0
1507,0
11144,0
1074,1
7898,1
9588,0
678,0
11782,1
5213,0
2075,0
6310,0
7923,1
8349,0
1554,1
11624,0
9012,0
2526,0
6366,0
1012,1
2207,0
2623,0
8528,1
12278,1
5715,1
10390,1
3760,1
1445,1
3966,1
8858,0
5047,0
4042,1
493,0
12347,0
2043,1
6016,1
4016,0
5492,0
4065,0
5119,0
6353,0
7618,0
11437,1
7899,0
9813,0
4156,0
2120,1
8112,0
10934,0
4242,1
11956,1
5884,1
11036,1
8658,0
5601,1
10485,1
7768,0
881,0
7178,0
6682,0
10735,0
9314,0
12395,0
1804,0
11325,0
4256,0
11221,0
12325,0
7171,0
5593,1
1758,1
3544,1
4639,0
7311,0
12383,0
164,1
8732,1
748,0
1907,0
10911,1
11073,0
5249,0
764,0
12061,1
621,0
3387,0
10571,1
1357,0
7281,1
160,1
658,1
9025,1
8260,1
10812,0
8443,0
1563,1
9792,0
1115,1
5906,0
1508,1
6093,1
11926,1
2663,1
5038,0
4708,1
11720,1
982,1
11654,1
4338,1
3391,1
7960,1
5147,1
11280,1
3120,1
7528,1
11677,1
10657,0
1105,1
387,0
6488,0
1313,0
6696,0
4934,0
9355,0
11691,0
3297,0
3471,1
10506,0
10262,1
9579,0
10507,0
218,0
5332,1
3874,1
3859,0
3624,0
4520,1
10299,0
10945,0
644,1
973,0
9795,0
5929,1
9415,1
3561,0
1643,1
7445,1
5635,1
8478,1
6232,1
1607,0
313,0
6529,1
9397,1
11148,1
10734,0
2536,0
5368,0
2709,1
4834,1
7279,1
28,0
12254,1
4741,0
8110,1
8684,0
502,0
8623,0
1025,0
926,0
6698,0
5553,1
5529,0
9501,1
10357,1
2332,0
7890,0
10013,1
2920,0
5325,0
10856,0
406,1
4796,0
3224,1
394,1
2988,1
8855,1
12017,1
54,0
3961,1
8353,0
10992,0
3360,0
6836,0
7072,1
4018,0
2590,1
5116,1
3973,1
4797,1
8084,0
11704,0
2473,0
977,0
5010,0
376,0
7314,1
1237,1
11519,0
2620,0
3946,0
11426,1
7657,0
7305,1
2071,1
10113,1
5565,1
6240,0
7125,0
776,0
1203,1
12257,0
8807,1
3916,0
9704,0
8997,1
10928,0
3658,1
1078,0
3998,1
327,1
2338,0
8072,1
10731,1
10240,0
12134,0
8544,1
2851,0
3212,1
6464,1
7606,1
2827,1
11864,1
11809,1
9581,0
9478,1
2845,1
1647,1
374,0
9222,1
8758,1
428,0
9573,1
11013,1
6039,0
8180,1
2672,0
4821,1
12368,0
11253,1
8850,1
11219,0
7369,0
7120,1
1061,0
10916,1
3214,0
9160,0
2874,0
4173,1
11826,0
9300,1
12362,1
10583,1
6899,1
2074,0
10402,0
9366,1
6780,1
299,1
12233,1
11767,1
4989,1
6327,1
7064,0
9313,0
2782,0
9862,0
7826,1
9755,0
11041,1
11736,0
5887,0
4001,1
10974,1
3399,0
8507,0
5299,1
12298,1
3492,0
6772,1
5289,0
10380,1
9768,1
11047,1
10765,1
4250,0
10745,0
10924,1
9622,1
5488,1
3631,1
1691,1
5954,0
3229,1
11092,1
6601,1
401,1
5046,1
1073,0
10180,0
7856,1
1487,0
520,0
9471,0
6911,1
3413,1
48,1
7027,0
7740,0
4647,1
2490,1
6808,0
4809,0
10818,0
2331,0
7333,0
12378,1
12297,0
4019,0
1728,1
5209,0
11111,1
952,0
10617,0
114,0
9649,1
5564,0
10605,0
8797,1
5912,1
10463,0
5859,0
7843,1
6749,0
8129,0
11277,1
10176,1
5545,0
2793,0
1788,1
172,1
3954,1
11233,0
5987,0
9583,1
1407,0
115,0
11443,1
10182,0
6130,1
6389,1
9336,1
11132,1
594,1
4608,0
9063,1
10132,0
8848,0
6006,0
5971,1
2873,0
9883,0
9194,0
8248,1
9672,0
11232,1
10738,1
3247,1
9550,1
11137,0
4607,0
4144,1
8358,0
1397,0
9825,0
5671,0
2749,0
8397,0
11351,0
8185,1
1654,1
6261,0
10377,0
5227,0
10726,0
5951,1
11169,1
933,0
11338,0
668,1
11349,1
3952,1
1042,1
7172,0
6477,0
6099,0
7825,0
9741,0
11699,1
5071,1
6760,0
9946,1
1370,0
11131,0
6354,1
3810,1
2177,1
5568,1
11546,0
3335,0
3921,1
1280,1
7348,1
9043,0
9551,1
2100,0
1081,1
965,0
10252,0
11146,1
10169,1
6275,0
4799,1
4901,1
11103,0
1230,0
3710,1
9205,0
7067,0
9093,1
9105,1
10951,1
9854,1
5027,0
4481,0
1339,0
3735,1
2846,1
10317,1
10057,0
10588,1
9587,0
10137,0
1151,1
2006,0
7426,0
2629,1
10087,1
3164,0
12269,1
9017,1
4868,0
10379,1
5798,1
6075,1
3633,1
6790,1
3155,1
10954,1
1628,1
6384,1
4185,0
11314,1
12488,1
3641,1
6220,0
9182,1
9739,0
1032,1
1852,0
2644,1
9929,0
9503,0
1084,0
11788,0
7559,0
11329,1
5575,1
7409,0
1441,0
9712,0
7376,0
12009,1
12496,0
4005,0
1298,0
6939,0
8044,0
6662,0
2653,0
11339,1
214,1
5653,1
5771,1
4095,1
5928,1
8059,0
4091,1
8228,1
4387,0
901,1
1765,0
5006,0
2156,0
625,0
2014,0
10681,0
2472,0
8503,1
4360,1
10126,0
411,1
3456,0
6468,0
1200,1
5264,1
8484,0
985,0
9641,1
12404,0
6541,0
590,1
10141,1
7782,1
6516,1
3013,1
11006,1
3579,1
2253,1
2313,1
10641,1
11986,1
9735,0
1142,0
9169,1
8394,1
10077,0
2962,0
8160,1
5224,1
5729,0
8693,1
9079,0
7216,0
9951,0
7941,1
5818,0
11208,1
6789,0
12410,0
10528,0
433,1
11659,0
11081,1
7316,1
20,0
10440,0
11939,0
2220,1
2372,1
9868,0
6796,0
11670,1
6927,0
6386,0
6587,0
6279,1
10129,1
3375,1
11764,1
11192,0
8035,0
962,1
4584,0
2649,0
12422,1
7017,1
1533,0
6658,0
5946,1
3405,0
543,0
10010,1
10724,1
10219,1
8873,0
10618,0
11286,1
2828,0
9914,1
10624,0
9474,1
5122,0
6396,0
11538,0
8734,0
11403,0
9528,0
1770,0
6876,1
1909,1
8983,1
6049,1
7497,0
2918,0
9939,1
7509,1
2439,0
4045,0
5751,1
8380,1
9100,0
5000,1
9560,1
4449,0
3855,1
11663,1
3795,1
7707,1
8196,0
3008,0
4117,0
11586,1
4917,0
4870,1
6212,0
8027,1
5098,1
455,0
5136,0
1412,0
12236,0
4480,0
6123,1
2239,0
7386,0
9608,1
8362,1
8266,0
3951,0
6479,0
1887,0
3726,0
1905,1
11330,0
6534,0
8776,0
10232,1
10024,1
9668,1
10936,1
1390,0
4970,0
3984,1
5740,1
9707,1
8120,0
11656,1
2078,1
492,0
7380,0
11275,0
8145,1
1384,1
3148,1
7689,0
4837,0
8794,1
2689,1
3611,0
4609,0
8054,1
2172,0
5484,1
7478,0
7204,0
4024,1
4847,1
1378,1
4224,0
9484,0
3741,1
2760,0
7310,0
6626,0
6048,0
5630,1
5850,0
4987,0
12346,0
4938,1
3434,1
1016,1
4611,0
5669,1
1589,0
5581,1
7794,0
5854,0
9364,1
8294,0
1458,1
12143,1
1076,0
9661,1
509,1
1002,1
10829,1
1247,0
7694,1
4329,0
10259,1
2440,0
1155,1
7724,0
4191,1
3167,0
8214,0
6664,1
2384,1
11563,0
1828,1
5791,0
2050,1
8166,1
4527,0
3864,0
4661,0
4228,0
830,0
4440,0
3792,1
4514,0
9998,0
3716,1
11361,0
6874,0
10591,1
9185,1
2027,0
11228,0
11367,0
1719,1
7133,1
931,0
11816,1
11497,1
8341,1
10828,0
9007,0
8021,1
6771,1
8338,0
7761,0
11402,1
6098,0
4676,1
1439,0
9388,1
276,1
8925,0
5622,0
10043,1
714,0
804,0
4319,1
3927,1
3270,1
1599,1
3389,0
3065,1
9671,1
1724,0
7048,0
8086,1
12319,0
11759,1
1242,1
3403,0
8206,0
277,1
10266,0
1531,1
8904,0
2017,0
2007,1
5820,1
6381,1
10582,0
11749,1
6345,0
8477,0
5361,1
1164,0
5245,0
9008,0
5585,1
5420,1
11694,1
6973,0
8955,0
4497,0
5801,1
6091,1
8690,0
3051,1
310,0
11810,1
9009,1
2329,0
771,0
1186,1
4364,0
1233,0
6673,0
3260,1
10008,0
712,1
7049,0
6620,1
1756,0
4515,1
9443,1
1644,1
9271,0
2902,0
3299,0
941,0
8671,1
490,1
11037,1
10488,1
6027,1
12008,0
5501,1
10768,1
11215,0
1463,0
10275,1
6795,0
3895,0
2931,1
2025,0
7233,0
9616,1
1883,0
7354,0
389,1
5611,0
11495,0
1629,1
10158,0
1296,0
8139,1
8436,0
6211,0
7635,0
8269,1
4772,1
4263,0
5212,1
1821,1
8726,0
9859,1
2368,1
6308,0
63,0
10059,1
7596,1
7080,1
9836,1
6065,1
12229,1
7315,1
9546,1
9972,0
10703,0
8051,1
1442,0
3211,0
9638,0
10085,1
8875,0
8711,0
7021,0
6447,1
770,1
4769,0
5851,0
7933,1
3692,0
699,0
7718,0
3509,1
4330,1
1979,1
9730,0
9577,1
2480,0
5634,1
7358,1
8739,1
5643,0
7632,0
2428,1
12393,1
12176,0
4080,1
11293,1
4435,0
3181,1
9852,1
5754,0
974,1
10337,0
8227,1
11391,1
1452,1
917,0
9356,1
1039,0
10212,0
1727,1
2764,0
11236,0
3406,0
10040,0
10985,1
1454,0
8281,1
11978,1
1757,0
7398,1
8559,1
1871,1
3368,0
7012,0
1323,0
4897,1
5894,0
3435,1
1307,0
6803,1
5202,0
10468,0
5651,1
4853,0
8587,0
8267,1
12218,0
3464,1
8901,1
1783,0
12405,0
3868,0
6020,1
8512,1
10414,1
9097,0
2743,1
11787,1
888,0
5810,1
11368,0
8910,0
11599,0
7151,0
7732,1
2610,0
10495,0
10996,1
6912,1
6867,0
10426,0
6563,0
10543,0
9429,0
1177,0
479,1
10839,0
5437,1
3037,1
695,1
11264,0
12434,1
5125,0
9054,1
361,1
1494,0
7318,0
11370,1
886,0
1375,0
795,0
3630,1
4205,0
12112,1
2551,0
2082,0
8713,1
2806,1
11979,1
2419,0
5083,0
10791,0
4972,0
8222,0
7560,1
508,1
4977,0
3875,1
4046,0
5088,0
10800,0
2176,1
7071,0
10804,1
10645,1
153,0
11257,0
11345,0
9441,1
3408,1
11715,1
11091,0
10409,1
6417,0
10959,1
2415,0
1421,1
903,1
6029,0
7519,0
10294,0
7778,0
3359,1
8282,0
8284,0
1006,1
5756,1
3996,1
9876,0
4444,0
8945,0
9973,1
7300,1
4574,1
112,1
51,0
10191,0
8951,0
5804,1
1444,1
4569,0
12439,1
7092,0
4000,0
9138,1
1446,0
11971,0
330,1
5426,1
11777,0
4206,1
10428,0
8502,0
10630,0
2953,0
6410,1
2484,1
6018,1
8767,1
1021,1
2683,1
5430,0
7308,0
215,1
11225,0
8082,1
4996,1
5331,1
5799,1
7752,1
8825,0
438,1
2127,0
2732,1
5072,1
11017,0
7221,0
9452,0
4390,1
10998,1
7215,0
786,1
5814,0
9996,1
3534,0
7018,1
3140,1
233,0
10718,0
11457,0
8473,0
10846,0
1385,1
11789,1
7155,0
12481,1
4909,1
9632,0
6351,1
3625,1
11770,1
1577,1
11133,0
7680,1
7623,1
5045,1
2628,1
11949,0
8817,1
4168,0
11729,1
7943,0
5399,1
8830,1
7229,0
7746,0
11836,1
12373,0
11373,0
458,0
11998,1
2115,0
11892,1
2565,0
6683,0
478,0
4920,0
5007,0
9057,0
10427,1
4694,0
9685,0
2635,1
10384,1
10278,0
4389,0
4653,0
11935,1
6523,1
5966,1
2799,0
339,0
1888,1
4122,1
4994,0
6317,1
474,1
3769,0
12334,0
2735,0
10084,1
2282,0
11493,0
6430,0
4420,1
5237,1
6697,0
4798,0
9425,0
2236,1
4822,1
7112,1
8494,0
3935,0
5179,0
9773,0
2412,1
6292,1
4265,1
6341,1
3045,0
2642,1
6895,1
8615,1
1409,0
2968,0
3788,1
1257,1
11412,1
11600,1
3014,0
10019,0
3929,1
7319,1
9759,0
958,1
6878,0
8154,0
6493,1
275,0
11778,1
1662,1
2999,0
1526,1
8457,1
12287,1
5390,1
10694,0
6126,1
8492,0
10058,1
1841,1
5405,0
3078,1
9152,0
1540,0
8056,1
8226,0
5596,1
6306,1
4902,1
3607,0
3454,1
4830,0
10391,0
6036,0
733,0
2582,1
2095,1
9785,1
2455,0
6782,0
5312,0
12479,0
4349,1
9346,1
5882,1
7026,1
7881,1
12329,1
2818,0
9396,1
10816,0
6781,0
3850,0
3673,0
6986,1
6207,1
3634,1
5290,0
4446,0
12223,0
4929,1
6920,1
4064,0
2184,1
2214,1
565,1
1059,1
4592,0
1493,1
6868,1
639,0
1187,0
9162,0
1205,1
9481,1
2883,0
8285,1
3901,0
1426,0
5242,1
5462,0
1469,1
5988,1
328,1
10729,0
10106,0
4243,1
2016,0
7099,0
593,1
338,0
12041,0
1062,0
7440,0
2549,0
12332,1
10290,1
8297,0
5714,0
6650,0
8466,0
9811,0
7111,1
4731,1
12247,1
10642,1
8695,1
8321,1
346,1
3571,1
6734,1
3495,1
4351,1
4655,0
12444,1
7131,1
10323,1
4541,1
3128,1
6311,0
6285,1
4674,1
8935,1
6399,1
7616,1
1993,0
7013,1
4895,1
3499,0
7669,1
11995,0
6326,0
3479,1
12044,0
9866,1
11210,1
10612,1
5258,1
11766,1
10136,1
9304,1
10035,1
7514,0
8411,1
2956,1
6074,0
8583,1
10780,0
3421,1
7060,0
6767,1
11046,1
8164,1
1122,1
5053,0
6299,0
10971,0
3163,0
6648,1
12381,1
10281,1
5453,0
6756,0
8869,1
8575,0
9609,0
9495,1
8677,1
515,1
369,1
10231,1
7860,1
1925,1
8092,1
10650,0
5452,0
5759,1
7491,0
8062,0
5327,1
7231,1
9217,1
10412,0
10386,0
8550,0
4052,0
1845,1
10209,1
913,1
6367,1
9816,1
11021,1
4012,0
5915,1
675,0
4355,0
5621,0
7545,1
3918,1
6599,1
344,1
4709,1
8060,1
3644,0
3567,1
7259,1
10083,0
9450,0
9377,1
8172,0
8004,0
6598,0
4500,0
8741,0
2402,1
9368,0
8095,1
10551,1
11672,0
10785,1
9979,0
7476,0
9044,1
3397,0
805,1
9964,0
8190,1
7372,1
6001,0
6210,0
2819,0
4036,1
11525,0
11545,0
11019,1
1872,1
1996,1
2323,0
9225,0
5229,0
9090,0
9754,0
5359,0
5658,1
6116,1
336,0
36,0
1171,0
2211,1
5762,0
3246,0
9978,0
2086,1
8432,0
7738,1
2337,0
11018,0
3670,0
10821,1
8743,0
693,1
9853,0
5532,1
4635,1
3432,1
6189,0
6693,0
10777,1
229,1
11004,0
2875,1
3729,0
10905,1
12429,0
7730,0
268,0
3173,0
5598,0
1671,1
9507,0
3841,0
5214,0
863,1
2321,0
5610,1
4310,0
5302,1
2871,1
10451,0
7129,0
5790,0
2094,1
10203,1
10122,0
11008,0
3516,0
2681,0
2209,1
4802,1
4430,1
3565,0
2498,1
4051,0
2781,0
6848,0
11593,1
6156,1
2812,0
5076,0
8452,0
1985,0
6570,0
11561,0
1565,0
7868,0
4441,0
3248,1
8451,0
6303,0
10104,1
4346,0
2297,1
6361,1
5540,0
599,0
11031,0
12454,0
3888,0
128,0
10912,1
6643,1
11535,1
9322,1
1154,1
2389,1
9132,1
4915,1
2566,1
10454,0
1350,1
5446,1
448,0
9974,0
12350,1
756,0
1982,0
8431,0
3520,1
5618,1
12352,1
4965,1
6985,1
4518,1
12085,0
1954,1
4499,1
6242,1
4235,1
8383,0
5077,1
5885,0
7303,0
9595,0
10545,0
9533,1
570,0
4723,1
8598,0
5483,0
8097,0
893,1
7109,0
8215,1
11220,0
5489,1
4826,1
11980,1
9982,1
3401,1
4906,0
11056,0
9228,0
11187,0
7237,1
3147,1
12367,0
671,0
7098,1
5559,1
94,1
10198,0
11556,0
10667,1
8793,1
8837,1
11640,1
4876,0
1391,0
9564,0
5279,1
9351,0
3538,1
7415,1
11937,0
3898,0
6841,0
2544,1
8546,0
2795,1
10466,1
3563,1
4026,1
9283,0
1645,1
19,0
10698,0
5519,1
1619,1
9646,1
6505,0
10282,1
4967,0
7578,0
2217,1
8982,1
2835,1
9505,1
4603,1
2779,0
11792,1
10775,0
6824,1
11050,1
11084,1
9485,0
12450,0
9296,1
4432,1
9458,1
8638,1
6184,0
554,0
391,0
4366,0
5609,0
7065,1
12147,1
6504,1
4856,1
3953,0
7374,1
3337,1
8336,0
8560,1
1300,0
11177,0
3236,0
58,0
9774,1
11790,1
1961,0
2758,1
647,0
6390,0
1264,0
7258,0
8574,0
9178,0
5796,1
3172,0
8675,1
10555,0
5167,0
8470,1
760,1
178,1
8173,0
7848,1
2761,0
3614,1
1277,0
7927,1
10459,0
11352,1
927,0
7056,0
4768,0
10556,1
4832,1
11577,0
3418,0
3097,0
3573,0
12310,0
8200,0
3004,0
797,1
1482,1
10921,0
4468,1
2311,1
8256,1
3753,0
8542,1
5087,0
5652,0
2859,0
11376,0
1858,0
7357,0
90,0
3581,0
1140,0
10935,1
11,0
11160,0
5254,0
6150,0
173,1
1594,1
2841,0
7078,1
4290,1
9681,1
10885,0
12031,0
6719,1
1265,0
11511,0
1325,0
1666,0
10433,1
9624,1
9096,0
10815,1
11113,1
7480,0
12225,1
4811,0
8201,1
9695,1
3882,1
3712,0
8886,0
7296,0
8429,0
10805,0
6003,0
4297,1
7244,0
1153,0
8756,1
4982,1
273,1
3313,0
2447,1
12230,1
11211,1
9338,0
142,1
11793,0
5303,0
721,0
43,1
11205,1
5857,0
5968,1
11682,0
5150,1
9634,1
2256,0
6387,1
4086,1
11772,0
11007,1
3768,0
11172,0
11779,0
5026,0
4007,0
1266,0
1212,0
1957,0
7546,1
12165,1
11395,1
3853,1
10835,0
12040,1
10080,1
4383,1
4188,0
2513,0
5982,0
6347,0
2501,0
11465,0
10416,0
5923,1
1514,0
1598,1
9747,1
9001,1
4085,0
9535,1
1748,0
2554,0
399,1
762,0
11248,1
10258,1
7884,0
9717,0
1992,0
8374,0
1314,1
4241,0
2152,0
7889,0
10881,1
8998,1
10260,0
9992,1
10218,0
4081,0
9917,1
4724,1
10,0
11887,0
9308,0
6797,1
2322,1
12123,0
5666,0
352,1
8049,1
4396,1
8687,0
8944,1
7177,0
286,1
261,0
4308,0
1269,1
5584,1
12260,1
2258,1
9631,1
525,0
3386,0
5424,0
2257,0
684,1
12436,1
4070,0
7085,1
8089,0
1416,0
4563,0
6187,1
6034,0
3742,1
6968,0
2142,0
1608,0
11044,1
5838,0
8724,0
7587,1
517,1
4155,1
5650,1
8504,0
8493,0
10093,1
11181,1
74,1
9912,1
10014,0
2546,1
2357,1
6322,0
3306,0
3890,0
7708,0
1175,1
7436,1
5879,0
5211,0
8596,1
11763,1
4718,1
551,0
7055,1
2052,1
9995,0
4073,1
5572,1
8251,0
6993,0
1259,0
9797,1
8482,0
6905,0
10308,0
3371,0
3053,0
203,1
824,0
3695,0
10453,1
8609,1
12010,1
5054,0
1768,1
1196,0
2625,0
8042,0
86,1
7103,0
5392,0
4762,0
10143,1
3268,0
11214,0
7714,0
2737,1
7515,0
2974,1
4470,0
2305,1
2096,0
6408,0
5078,1
8250,0
4272,1
1932,1
11207,0
1191,1
1777,0
4816,1
8884,1
12171,0
11193,1
4125,1
6918,1
8391,0
3501,0
7955,0
11648,1
6831,1
591,1
8513,0
4689,1
1834,0
2580,0
8053,0
8917,0
2609,1
8295,0
2794,0
8407,1
10904,0
6533,0
11383,1
4429,1
3618,0
1812,0
8819,1
8916,0
11768,0
3336,1
7421,1
1511,0
6264,1
2228,1
5825,0
1803,1
7857,0
1094,1
2047,0
12307,1
9863,0
5527,1
10790,0
10871,0
11149,1
2144,0
10346,0
6263,0
2748,1
8007,0
6273,1
5495,1
11650,1
4030,0
6552,0
211,1
1707,0
11912,1
8800,1
9410,1
1965,0
7124,0
1646,0
10518,1
5633,1
1465,0
9480,1
6992,1
8518,1
7252,1
5802,0
846,1
5260,0
943,1
550,0
2080,1
7874,1
5478,1
1118,0
4573,1
4459,0
9540,0
12224,0
7992,0
6443,1
11452,0
5004,1
9657,1
4268,1
8937,0
9839,1
812,1
10858,1
2125,1
5319,0
9823,1
11817,0
5014,1
4766,0
4939,1
5780,1
5196,0
9240,0
6179,0
9888,0
5457,1
12219,1
3361,1
12456,0
9325,0
9508,0
6936,1
7091,0
5166,0
8414,1
1667,1
10914,1
2587,0
12291,1
4450,0
6287,1
8706,1
1587,0
6869,1
1146,1
7622,1
4404,1
7547,1
1443,1
10798,1
2033,1
6188,1
12255,0
6806,1
12059,0
9385,0
3595,1
8386,0
11490,1
9290,1
8031,1
4998,1
12426,0
2244,1
788,0
757,1
4595,0
8718,0
9145,0
650,1
5900,0
8640,0
8778,1
10298,1
2618,0
12039,1
7976,0
1193,0
1616,0
8540,1
180,0
3721,0
891,1
3876,0
3783,1
12259,1
10478,1
9559,1
3980,1
11045,0
10899,1
6677,0
5419,1
2896,0
4490,0
11109,0
7241,0
2987,0
2562,1
4679,1
486,1
620,1
11841,1
2478,1
1326,0
2018,0
4487,0
8930,0
10953,0
5324,1
14,0
3889,0
56,1
11422,1
6988,0
5719,0
1755,1
3385,1
7930,1
8278,1
8784,1
7568,0
4223,1
11873,0
7604,0
5785,0
10575,0
3242,0
5101,1
8416,1
2866,0
10438,1
3029,1
10210,0
6497,0
6289,1
3863,0
10215,0
4673,0
11069,1
5680,1
11104,1
545,1
8346,1
7974,0
834,1
2161,0
8052,0
2450,1
488,0
9877,0
9184,1
6660,0
3955,1
8806,1
2817,0
4309,1
1615,0
11161,1
9670,0
667,1
9068,0
5852,1
5333,0
9023,1
2376,1
3127,0
8402,0
7486,0
9378,1
7704,1
5403,1
8471,0
3265,0
4502,1
9713,1
9740,0
6112,0
8357,0
876,1
8730,0
1353,1
9489,1
2373,1
10769,1
12119,0
1034,1
7210,0
5362,1
11925,0
3554,1
8382,1
1699,1
10120,0
8801,1
2163,1
607,1
8885,0
4097,0
12104,0
9880,1
992,1
1272,1
3643,0
3582,1
11924,0
4298,0
4645,0
1899,0
858,1
2189,1
1855,1
8921,0
6983,0
5496,1
7202,0
2454,0
7629,0
2939,1
3912,0
8003,1
11661,0
2279,0
8634,1
5186,0
7028,0
3258,1
12105,0
3444,0
5058,0
8163,0
7431,1
7502,1
7710,0
3697,1
7147,0
9024,0
4226,0
3877,1
1228,0
12389,0
8079,0
11946,1
407,0
4522,0
12317,0
4539,1
9013,1
524,0
366,1
5827,1
7814,1
5691,1
11476,0
9752,0
12446,0
865,1
4096,0
8883,1
11419,1
1017,0
6966,0
7290,0
8896,0
6160,1
2655,0
4149,0
2520,1
3286,0
6066,1
7852,0
12170,1
5375,1
1037,1
8796,1
11142,0
3239,1
329,0
6377,1
6707,1
649,0
801,0
9934,1
7900,1
9386,1
11686,1
833,1
10112,0
5750,0
6665,1
3623,1
1702,1
1600,1
2341,0
8115,0
2658,0
6717,0
1934,0
10713,0
3072,1
10826,1
2703,0
7262,0
7291,1
5668,0
1817,1
9086,1
144,0
613,0
1516,1
1885,0
6586,1
3209,1
9435,1
15,0
11020,1
220,1
6407,0
4995,0
8498,0
3608,1
12364,1
6917,0
6111,0
1011,0
2664,1
5761,0
10546,0
5773,0
1235,1
4359,0
7122,0
6546,1
1338,0
6877,0
4215,1
11300,1
6007,1
3010,0
2701,0
10831,1
11425,1
10937,1
6888,0
7336,1
1315,1
11115,0
5515,1
1206,0
12376,1
2318,0
202,0
12113,1
2353,0
10492,1
6117,1
6935,0
3234,0
3727,0
4015,0
7692,0
11711,0
11675,0
11930,0
3154,1
2418,0
9116,1
9907,0
677,0
6580,1
10345,1
317,1
7397,0
6206,1
8142,1
1911,0
816,1
4090,1
8535,0
3049,1
12442,0
9500,1
1027,0
9430,1
7034,0
7082,1
2865,0
6286,0
8548,1
4227,0
10069,0
5193,0
5747,1
2113,0
6957,0
2229,1
4132,0
3831,0
2029,0
12081,0
3987,1
12273,1
7226,1
4813,0
7882,0
2843,1
12262,1
4644,0
8826,0
9220,0
4334,1
6807,0
6575,0
1163,0
6056,0
10522,0
11760,1
2722,1
10727,0
5961,0
5176,1
6792,1
198,0
5082,0
6256,0
9329,0
1043,0
1351,1
8963,0
7400,1
87,1
11186,0
9470,1
10756,1
3489,0
4913,1
2914,0
2243,0
6602,1
11087,0
9221,0
1156,0
3099,1
471,0
7341,1
1478,0
1750,0
3353,0
6134,1
7460,0
1958,0
11398,1
10670,0
9445,1
11083,1
3983,0
9045,1
4795,1
2203,0
7135,1
4276,0
8122,1
6716,1
577,0
7182,0
4108,1
7088,1
8405,0
12204,0
12109,1
6346,0
9623,0
5048,1
1302,0
4189,0
9331,1
6283,1
11458,1
2707,0
5978,0
10351,0
4721,0
8455,1
6201,1
3691,0
7591,1
7805,0
12316,1
2712,1
5824,1
4553,0
6019,1
3066,1
4707,0
12445,0
5686,0
4930,0
6480,1
9727,1
1383,0
12153,1
379,1
11848,0
4903,0
3897,1
11505,0
5856,0
2105,0
10378,0
3169,0
6870,1
3564,0
10931,0
1974,0
1194,0
8340,0
4239,0
3843,0
1739,1
630,1
3176,1
7184,0
3663,0
537,0
11199,0
5567,1
372,0
3363,1
1824,0
2719,1
3999,0
12464,1
7243,0
6069,1
2008,0
5485,1
12191,1
8167,0
4619,0
457,1
10003,1
11651,1
10563,1
8847,1
7717,1
6010,1
12243,0
6462,1
4940,1
925,0
5231,1
6731,1
8814,0
12084,0
7995,1
2369,0
466,1
9113,0
10578,1
10408,0
7407,1
4332,0
12324,1
6176,1
11290,1
232,1
4267,1
7211,0
10042,0
4622,1
3272,1
1372,1
5667,1
2785,0
6634,0
8969,1
9736,0
2721,1
7575,0
9310,1
8213,1
5394,1
1572,1
5182,0
7450,1
3913,1
9492,0
10491,0
1972,1
4107,1
4713,1
7453,1
4252,0
5386,0
1499,0
2304,1
6761,1
6438,1
10489,0
5926,0
6508,0
11917,1
1189,0
11072,0
12069,0
1079,1
12022,1
8919,1
6866,1
5178,0
3626,1
2097,0
1241,1
4992,1
1496,1
3223,1
8406,0
4657,0
2584,0
3500,1
4344,0
3469,1
9509,1
1403,0
7539,0
5760,0
10388,0
7967,1
1116,1
1785,0
3318,0
1485,0
1592,0
10677,0
2533,1
5640,1
10851,1
549,0
5233,0
898,0
9790,0
7864,1
4667,1
2390,0
11365,0
7513,0
530,0
11881,0
12159,0
5232,0
345,0
6774,1
2247,0
12420,0
12309,0
11250,1
635,1
6136,1
10975,0
6456,0
4631,1
10536,0
6348,0
1004,1
4174,1
11635,1
10179,1
3833,1
6900,0
10649,0
5809,1
1218,0
11542,1
636,1
6458,0
11915,1
272,0
9426,1
8604,0
10586,0
10305,1
12,1
1474,0
10541,1
7883,0
4405,1
8428,0
4496,0
9718,0
6061,1
9208,1
7388,1
5629,1
11269,1
10147,1
5933,0
1273,1
4316,1
11307,1
8667,0
10199,0
7725,1
6356,1
3159,0
7439,1
8918,1
4538,0
1892,1
5137,0
11913,0
10119,1
319,1
10890,0
7879,0
5250,0
536,1
11569,1
4150,0
10222,1
1775,0
2717,1
9589,1
9665,0
5144,0
5806,0
2639,0
4219,1
9524,1
9536,1
6415,1
1915,1
4852,1
7951,0
10284,1
3722,1
9734,0
333,1
4747,1
4347,1
12092,1
3439,0
3087,0
2046,1
8434,1
1505,0
12208,1
6507,1
11033,1
1389,1
4898,1
8211,0
5244,1
6549,1
1874,1
5783,1
419,1
6349,1
12468,0
2461,0
6033,0
9108,1
5095,0
12014,1
4403,0
11377,0
6850,1
586,0
4625,1
4211,0
2134,1
5832,0
1355,0
4757,1
6726,0
2598,1
10615,0
6088,1
1504,0
7577,1
3400,1
9562,0
769,1
2524,0
2092,1
12106,0
2459,1
3706,1
2724,1
11988,1
2410,0
12366,1
10748,0
8878,1
6012,1
6496,0
10269,1
12099,1
4879,1
1919,1
6222,1
1573,1
8642,1
4559,1
3089,1
4567,1
1144,1
7969,1
8099,0
12011,1
9252,0
10906,0
9232,0
561,0
8413,0
2265,0
12226,1
4875,1
5170,0
3207,0
2456,1
9960,1
10561,1
1510,0
285,0
2682,1
8258,0
1605,1
1886,0
2170,0
3856,0
10125,0
3972,1
4564,1
5637,0
432,0
6333,0
6489,1
11885,0
3647,0
2500,0
11270,0
5427,1
8011,1
381,1
10441,0
7787,1
976,0
9766,1
3100,0
1031,0
2387,0
2345,1
140,0
1567,0
6032,0
7957,1
8509,1
4571,1
7506,0
10901,0
189,0
1223,1
1971,0
8155,1
6702,1
4365,0
11185,0
300,0
754,0
4885,0
2310,1
1071,0
12356,0
7126,0
656,1
11353,0
6684,0
7742,0
3112,1
10849,0
4534,0
11875,0
6044,0
5036,1
1655,1
4918,0
6805,0
11354,0
326,1
3978,0
7977,1
8128,0
1464,0
1653,1
10403,1
2813,1
1220,0
1294,1
9449,1
6469,1
1429,1
1799,0
867,0
9781,0
7047,1
145,0
10443,1
3583,0
12300,1
3057,1
720,0
8960,1
767,1
1406,0
6375,1
8949,0
10313,1
5091,0
11658,0
11100,1
3302,1
9348,0
5334,0
11016,1
6609,0
8141,0
6436,1
12024,1
6596,1
10307,1
11183,0
10070,1
7666,1
8270,0
9782,0
5184,0
1557,1
2466,1
1545,0
11521,1
562,0
9133,1
835,1
7289,0
12390,0
6649,1
3905,1
205,0
1112,0
4345,0
2640,0
4544,0
6433,1
1522,0
2713,0
2588,0
8137,1
4892,0
10082,0
6205,0
1450,0
12470,1
460,1
1427,1
12093,0
1095,1
9593,0
5158,1
3553,0
4980,1
5259,0
5377,1
3989,1
7532,1
6513,0
738,1
5458,1
9285,1
2861,1
9893,0
10963,1
12286,0
4838,0
1348,0
9393,1
10131,1
4726,1
11320,1
5865,0
3329,1
10845,1
5753,0
10292,0
7866,0
6898,0
7102,1
5410,1
1058,1
4083,1
6655,0
6964,1
6369,0
7834,1
12267,1
10396,1
11014,1
3982,0
11968,0
3903,0
9082,1
287,0
7555,1
1354,0
10762,0
5265,0
1917,1
1950,1
8136,0
5408,0
580,0
3198,1
6769,0
442,0
2807,0
3580,1
5533,0
2344,0
10838,1
2438,1
4116,1
4794,1
82,0
2291,1
10802,0
426,1
10955,0
10041,1
12238,1
8050,1
991,0
8264,0
3108,0
7169,1
983,1
7779,0
3969,1
8517,0
7829,1
11080,1
11032,0
11964,1
11166,1
1286,1
6095,0
4775,0
3075,1
9324,0
4858,1
10616,1
773,1
6409,1
2057,1
1752,0
11627,1
4621,0
884,1
4231,1
8438,1
1312,1
3024,1
1966,1
1532,0
4560,0
11156,0
6470,0
7479,1
8454,0
2527,1
7999,0
12498,1
10597,0
9975,0
1849,1
2940,1
4270,0
12427,1
6520,0
778,0
10186,1
836,0
6118,0
8948,1
11970,1
4106,0
4733,1
8967,1
6290,1
4771,1
2656,1
3928,1
4483,1
10450,0
9084,1
10177,1
7000,1
4949,0
3558,1
6949,1
1816,1
522,0
5613,1
1169,1
12048,1
9819,0
5397,0
2343,0
9370,0
10206,0
4394,0
11882,1
3701,1
2708,0
9613,1
1802,0
9398,1
7467,1
6392,0
2204,1
10111,0
9269,1
7563,1
8221,0
1201,1
10706,1
3000,1
8934,0
4921,0
3033,0
10853,1
8821,1
5051,0
5,0
2367,0
10673,1
857,1
2435,0
4169,0
2388,1
11312,1
11941,1
3956,1
9874,0
8661,1
2458,0
10172,1
5711,1
4162,0
3129,0
2486,0
3748,0
2354,0
9678,1
5400,1
8283,1
5339,1
11203,0
5307,1
2024,0
5521,1
11534,0
4742,0
1460,1
7146,0
4717,1
8404,0
10393,0
7014,0
949,1
2055,1
11306,1
274,0
2485,0
10663,1
11318,0
6615,1
9991,1
6616,0
11436,1
11468,1
654,1
1055,1
11560,0
404,0
1346,0
8292,1
8577,0
2631,0
8096,1
7712,0
8447,0
10021,0
6128,1
3940,1
880,0
1425,0
6096,0
4313,0
9330,1
11724,0
3451,0
10228,0
9499,0
2187,0
315,1
10552,0
510,1
4725,0
9861,1
1080,1
11299,0
10330,0
3315,1
7961,0
12137,0
100,0
2599,1
12129,0
5413,1
8015,0
1411,1
1471,1
4218,1
5267,0
9073,1
5675,0
5732,1
2133,0
1636,0
5588,1
1176,0
2476,1
2425,0
7754,0
8263,1
10779,0
1571,1
9779,1
7417,1
8950,1
10560,0
8073,1
5580,1
3794,1
4357,1
7620,0
8557,1
6794,1
4594,1
2012,0
514,0
2111,1
6355,1
11387,1
2022,0
7630,0
4283,0
8168,0
7788,1
5326,1
1720,1
12043,0
2496,0
5131,0
2624,1
4880,0
9827,0
4948,0
10026,1
12337,1
8606,0
11427,1
6162,1
181,1
468,0
11551,0
10603,0
12284,1
9837,1
6629,1
4216,1
9783,1
691,1
3881,0
8742,0
4719,0
4180,1
6573,1
9959,1
8538,0
3152,1
1455,0
1432,1
7185,0
1927,0
533,0
12401,1
9316,1
11371,1
3341,0
6791,1
844,1
2371,0
9018,1
12263,1
7454,1
9574,0
98,1
8384,1
498,1
2405,0
3605,0
6244,1
12161,0
1952,0
600,0
7968,0
5576,0
8843,1
12339,0
4646,1
11259,0
4079,0
4056,0
3674,1
10808,1
3917,1
9626,1
3821,0
9582,0
2508,0
5113,1
5707,0
4947,0
6295,1
10987,0
10610,1
5008,0
2783,0
9840,1
1366,1
6463,0
10886,0
2227,0
1928,1
4629,0
2684,1
8870,1
3245,1
126,0
3481,0
10221,1
12086,1
2499,0
659,0
7395,1
3891,1
1877,1
3250,0
6450,1
9553,0
11858,0
6914,1
3411,0
10471,0
4127,0
6762,0
2555,1
1173,1
8280,1
3055,0
3187,1
1564,1
859,0
7030,0
10644,1
12282,1
5415,0
3949,1
3557,1
6651,1
1283,1
4033,1
2597,0
6588,1
3252,1
5699,0
1766,1
11669,1
1584,0
25,0
6298,0
5322,1
4501,1
6120,1
5370,1
4461,0
3044,1
3253,1
5794,1
7683,1
1018,1
5311,0
1229,0
2853,0
9760,0
11234,0
1593,1
9436,1
5287,0
8499,0
3896,1
12209,0
6113,0
2138,1
1270,0
4453,0
603,0
383,1
8672,1
4198,1
3193,0
10699,1
6675,1
11755,0
1805,0
2471,1
9028,0
8799,1
8988,0
4325,1
10335,1
12037,1
11564,0
5443,1
8940,0
3048,0
5120,1
11914,0
3506,1
9601,0
6872,1
10054,0
10287,0
1123,0
5980,0
12423,0
1787,1
2552,1
9448,1
7551,1
11308,1
9732,0
11477,0
2840,0
1596,1
11337,1
6740,0
874,1
2763,1
989,1
3610,1
3174,0
8597,0
3396,1
7293,1
10771,1
11287,0
12052,1
7163,0
5700,1
8306,1
8427,0
7084,0
10772,1
2959,0
632,1
1358,1
3974,1
847,0
8326,1
2042,1
3001,1
324,0
9675,1
2680,1
3934,0
4626,1
11085,1
7214,1
10482,0
6250,0
4862,1
10046,1
8617,0
6155,1
8076,1
10770,1
11957,1
11158,0
5970,1
6845,1
3188,0
7659,1
12380,1
7050,0
5280,0
1243,0
8790,0
5805,1
9200,1
6063,0
8556,1
1853,1
12184,1
7457,1
3621,1
2728,0
8576,0
5304,1
7658,1
7201,0
9954,1
2137,0
3244,1
4686,0
4614,0
4979,1
3465,0
2292,0
9789,1
11657,0
2264,0
12196,1
687,1
5381,1
8032,1
8152,0
8913,1
6962,1
4760,0
8892,1
1319,1
9230,1
4505,1
2810,0
7268,0
3156,1
10098,1
4610,0
3517,0
7002,1
10304,1
9867,1
4685,1
10629,1
3251,0
7993,1
4478,0
1688,1
7442,0
11039,0
1832,1
7909,1
9307,0
3569,1
8105,1
5769,0
132,1
5831,1
2693,0
5723,0
4524,0
4779,0
7485,0
9380,1
7150,0
6302,1
8467,1
8317,0
9349,0
8647,0
3061,1
10395,1
8151,0
6472,0
10625,1
5441,1
4328,1
253,1
5944,1
1580,1
3540,0
9677,1
4600,0
11392,0
4129,0
9224,1
10092,1
1623,0
16,0
4014,0
5677,1
3383,1
6344,0
2063,1
7748,1
11959,0
11629,1
12211,0
9800,0
1575,1
5837,0
1051,0
4274,1
9788,1
11303,1
5274,1
11613,1
10652,0
6538,0
1521,1
10404,0
12027,0
3342,0
9510,1
4526,1
3512,1
6197,0
2107,1
3345,1
7806,0
9311,0
9163,0
4517,0
6181,0
9835,1
4891,0
8783,0
539,0
6177,1
4438,1
5118,1
988,0
2067,1
10596,0
10181,1
511,1
1434,1
4257,1
1068,1
12144,0
7075,0
5049,1
3365,1
9106,1
2446,0
8165,0
5423,0
11784,1
1019,1
9715,0
9104,1
6755,0
2671,1
4439,1
7029,0
8899,0
2894,1
1253,1
9651,1
8038,0
4568,0
2090,0
7749,0
10410,0
6954,0
3355,1
2650,0
11603,1
1089,1
10229,0
168,0
2506,1
8570,0
6282,0
3312,1
740,0
10520,1
11634,0
9599,1
9780,0
10719,1
422,1
3039,1
9394,1
596,0
484,0
3135,0
8474,1
1281,0
11751,0
9406,0
5099,0
9584,1
4763,1
10268,1
1222,1
9552,1
12500,0
3296,0
3003,0
7815,1
5775,0
904,1
9892,0
5945,0
3723,0
6182,0
7298,1
1044,1
11363,1
1813,1
6566,1
2477,0
11843,1
10230,1
1771,0
9748,1
10470,0
10776,0
1967,0
5111,1
5169,0
37,0
1244,0
5720,0
11805,1
1846,1
8689,0
6281,1
2045,1
4828,1
809,1
5128,1
3259,1
9720,0
5342,0
320,0
12483,0
5934,0
489,1
6158,0
6908,1
6208,1
11579,1
7444,0
6972,1
2805,0
4372,0
1311,0
7156,0
11068,0
10813,0
72,1
7266,0
3307,0
3005,0
1211,1
6704,1
1876,1
10296,0
7076,1
3930,0
10165,1
5679,0
2772,0
4773,1
4922,0
5479,1
9824,0
8369,1
2414,0
932,0
11182,1
2469,1
9504,1
12322,1
2577,1
5171,1
8148,1
452,0
6922,0
8064,1
11932,1
6072,1
940,1
666,1
7115,1
7355,0
10685,0
3981,1
9597,0
314,1
9176,0
1868,0
8241,0
12411,0
11230,1
10929,1
9687,1
3462,0
9812,0
75,0
783,1
3711,0
9352,0
820,0
8453,0
12358,0
2948,1
5097,0
8704,0
8328,0
7256,1
1913,0
3448,0
12023,0
11304,0
6827,1
8315,0
4255,1
8757,0
11931,0
10392,0
11557,0
8567,0
6811,1
8616,0
916,1
5958,1
11940,0
6941,1
1342,1
7886,0
5143,1
700,1
295,0
2083,1
5262,0
5866,0
9411,0
4966,1
11281,1
2821,0
4776,1
5991,0
10873,0
11119,0
5039,0
8968,1
1331,0
6974,1
7906,1
10286,0
4220,0
2855,1
4165,1
4550,0
8887,0
4266,0
2245,0
5893,1
11642,1
3871,0
10407,0
10442,1
3977,0
10999,0
9686,1
2149,0
2145,1
7342,0
10602,1
31,1
7023,0
5589,0
8636,1
10324,1
11972,1
8401,0
10900,1
5414,1
6420,1
2051,0
975,0
9821,1
7473,1
2697,1
11950,0
9878,0
3419,1
8650,0
8126,1
6257,1
4222,0
8441,1
10799,0
2907,1
12264,1
10747,0
11136,0
10994,1
6042,1
7938,1
11595,0
9173,0
4698,1
12321,1
12455,0
166,0
9554,1
4511,1
4074,0
4800,0
4904,0
3280,1
8822,1
505,0
6720,1
5321,0
6140,1
8425,0
9637,1
11791,1
9636,0
7699,0
563,0
8646,1
2848,0
240,1
4421,1
1778,0
11106,0
7180,1
5956,1
3339,1
1321,0
3715,1
4869,0
5089,1
5156,1
5897,1
3404,0
2059,1
11783,0
10895,1
11902,1
8753,0
3671,0
3922,1
3414,1
11075,0
9405,1
789,1
9486,0
8094,0
7383,0
2647,1
9373,0
8907,1
12070,0
9256,0
2118,0
8025,0
6079,1
1555,0
4460,0
1930,1
3899,1
5066,0
3994,0
2460,0
3672,0
8368,0
6391,1
7905,0
12130,0
5016,1
3165,0
11681,1
3394,0
7998,1
9421,1
529,0
6607,1
10415,1
8144,0
10373,0
5536,1
1835,0
11309,1
978,0
934,1
3047,0
11112,1
4761,0
8774,0
2416,1
2054,1
271,1
1722,1
2967,0
9869,1
11379,1
6524,1
3650,1
3262,1
12349,0
2504,1
3062,1
3428,0
5126,0
12163,1
11249,1
4545,0
10869,1
8276,1
10309,0
7580,1
409,0
11548,1
1029,0
11435,1
7875,1
4616,1
7648,1
5073,1
3071,0
3766,0
4953,1
8316,1
6509,0
708,1
392,0
1721,0
6833,1
3168,0
1014,1
11123,1
9937,0
9600,0
7670,0
8908,0
7916,1
10903,1
11009,0
11399,1
4084,0
7557,0
10737,0
11893,0
4842,0
5173,1
2317,0
10060,1
7885,1
7224,0
11471,0
544,0
7326,1
9563,1
12222,1
5940,0
11295,0
8387,0
7674,1
5292,1
8996,0
1946,0
5833,0
7401,0
6191,1
11507,1
10032,0
10190,1
11660,1
11573,0
11947,0
2746,0
11786,0
6670,1
12000,0
8430,1
5439,0
1008,0
11944,1
8622,1
9467,0
4589,0
10465,1
10909,1
7964,1
12185,1
8372,0
11504,0
6318,1
12409,1
4075,0
8989,0
5645,0
8130,0
459,1
11289,0
4978,0
5767,0
1467,0
2570,1
3433,1
165,0
5219,0
6013,0
2031,0
11652,0
5808,1
380,1
4851,0
7608,1
6608,1
8643,1
3985,1
5308,1
6676,1
2391,1
4135,1
5373,1
11206,0
10339,1
1658,1
6511,1
11165,1
3589,0
4050,1
6786,1
7173,0
6221,1
9231,1
3655,1
8637,1
11860,0
12193,0
5950,0
2453,0
2514,1
2617,1
1436,1
8012,0
5891,0
11727,0
5409,1
3545,0
9318,0
7716,1
8530,0
9895,1
11997,1
7744,0
9174,1
6891,0
3488,1
1661,0
8373,0
10697,1
1831,1
890,0
3030,1
10810,0
12198,0
664,0
10461,0
10961,1
84,0
1689,0
3588,1
10690,0
6728,1
8047,1
3818,1
11927,1
9753,0
8261,0
4473,1
4587,0
780,1
3686,0
2600,1
862,1
7025,0
8581,1
3612,0
5155,1
688,1
4556,0
12424,0
8399,1
9064,1
9567,1
8395,1
3879,0
1135,0
1341,0
10502,1
6826,0
7187,0
683,0
8665,0
3754,1
7251,1
7891,1
8720,1
2433,1
9708,1
7584,1
8500,0
12489,1
1797,1
506,0
3551,0
918,1
10321,1
2451,1
11951,0
7844,0
12419,0
7145,0
5973,1
832,1
7876,0
4363,0
3238,1
242,1
709,1
9698,1
2863,0
7837,1
4896,0
4212,0
10295,0
4028,0
8330,0
6053,0
12261,0
9673,1
2911,1
5162,1
3719,1
11883,0
1795,0
3205,0
10796,0
3852,0
8779,1
9055,1
7424,0
7645,1
4100,0
9050,0
6043,0
10134,1
4593,1
7066,1
5548,0
2926,1
11714,0
9376,0
7759,1
3136,1
9858,1
436,0
3278,0
6115,0
12213,1
3731,0
1910,1
597,1
2963,0
6213,0
6701,1
12013,1
3063,0
8189,0
945,1
3221,0
8179,0
2251,1
382,0
2961,1
6913,0
2260,1
1843,0
1962,1
11684,0
7230,1
8612,1
7113,0
7288,0
5999,1
11754,0
2804,0
9648,0
4955,1
6060,0
7284,0
10247,1
9414,1
11438,1
9756,1
9065,0
12407,1
1635,1
312,0
2586,0
3382,0
12357,1
4160,0
3688,1
5468,1
5960,0
2502,0
1745,0
6840,1
5725,0
571,0
99,0
6363,1
11012,1
10833,0
254,0
5378,1
661,1
2196,1
8526,0
2288,0
6632,1
3786,0
7123,1
1215,1
11824,0
5023,0
1634,1
1492,0
1367,0
5918,0
1054,1
4109,1
3915,1
7654,1
3713,1
7191,0
9710,0
5470,1
896,1
9117,1
11503,1
4504,0
3171,0
1999,0
370,1
5842,0
9056,0
10044,0
5352,0
9059,1
10497,1
2350,1
9212,1
4445,0
3537,0
2877,1
10340,0
8566,0
11910,1
5286,0
6522,0
7549,0
9724,0
12154,0
3682,1
6887,1
8371,0
10355,1
1392,0
3430,1
481,1
3560,0
6466,1
2881,1
10867,0
1984,1
1299,0
4103,1
11685,0
6839,1
3885,0
1107,0
10741,1
9985,1
5372,0
1035,0
4361,0
2036,0
10749,0
1263,0
10763,0
3463,0
5701,1
4225,0
542,1
6916,1
12268,1
10788,1
8543,1
2775,0
4867,1
10527,0
6209,1
6721,1
12194,0
798,1
9146,0
4739,1
10066,0
6567,1
1278,0
4323,1
92,0
11570,0
11098,0
8209,0
1842,1
3197,0
9062,1
752,1
11162,0
10167,1
393,0
9241,1
1347,0
8554,0
10716,0
555,1
8829,1
6668,1
9751,1
2285,1
9299,0
9903,1
10133,0
12202,0
2614,1
7686,0
1810,0
705,1
6562,0
2727,1
8831,1
9255,1
6495,0
2960,0
11335,1
10878,0
12152,0
8682,0
3597,0
4475,0
6360,0
5542,0
7936,0
4422,1
9855,0
8218,0
5693,1
9572,1
10431,0
12249,1
7715,1
3036,0
350,1
8601,1
6475,0
5387,0
1609,1
11179,0
9949,0
10400,1
221,0
11938,1
9801,0
11859,0
8191,1
6778,0
2704,1
9438,0
822,0
6274,0
5096,1
4962,1
4941,1
9966,0
5561,1
8678,0
453,1
2289,0
8789,1
10946,1
11170,1
7791,0
11454,0
7190,1
10118,0
4886,0
724,1
10367,0
996,0
10449,1
954,0
105,1
10557,0
12463,1
4591,0
7225,0
9757,0
2860,1
11993,0
6132,0
6169,1
10273,0
6301,1
5905,1
5772,1
4111,0
9147,0
10283,1
1879,0
7378,1
10806,1
10490,1
5417,1
5835,0
7294,1
6984,1
7911,1
9164,1
10171,0
8749,0
8987,1
8571,1
2013,0
7351,0
504,0
6711,0
1882,1
2834,1
11000,0
9930,0
8296,0
7232,0
2995,0
11116,1
12100,1
11481,0
11393,0
1873,0
6705,0
11243,0
8630,1
2186,1
7362,0
4954,1
9804,0
1097,0
6946,0
1864,0
7287,0
10675,0
3023,0
3770,1
5657,0
192,0
7011,0
9830,1
11583,0
8953,1
11671,1
9303,0
5050,0
4418,0
10700,0
9159,1
7919,0
8920,1
5461,0
8424,1
9048,0
7350,1
5784,1
6138,0
8979,0
11034,1
5543,1
9831,0
7989,1
12183,1
626,1
3827,1
10376,0
5930,1
10761,1
8788,1
7410,1
8345,0
10336,0
5395,1
7973,0
11099,0
12480,0
246,0
9664,1
367,1
2525,0
9074,0
701,0
9187,1
11413,0
8156,0
6730,0
11530,1
746,1
9391,0
784,1
11713,1
3502,0
3130,0
3932,0
1798,0
6948,1
902,1
8586,0
12025,0
8487,0
4990,0
5948,1
8275,0
10634,0
1,1
7764,1
6059,0
5041,0
12080,1
3986,1
8134,1
653,0
9908,0
11500,0
787,0
8515,1
9026,1
2358,1
4333,1
12074,1
11494,1
8906,0
8582,0
5474,0
9885,1
541,0
3645,1
5778,1
11418,0
6864,0
9233,1
5499,0
1134,0
8506,0
3601,1
4557,0
11825,1
1814,1
4663,0
12302,0
1840,1
5733,1
6266,1
11572,0
6605,0
3119,1
7747,1
5448,1
11089,1
2231,0
513,1
2099,1
547,1
10366,1
7854,0
8204,0
1219,1
9019,0
1964,0
3438,0
10498,0
1150,0
5175,1
2110,1
4749,0
2034,0
2182,1
2516,0
255,0
7966,1
1590,1
12248,1
12344,0
4373,0
12188,1
1922,1
5117,1
3204,1
1870,0
9798,1
7605,0
2131,0
12162,0
7365,1
6336,0
10639,1
4312,0
930,1
8067,1
4465,1
4702,1
62,1
8836,0
12221,0
7127,1
8867,0
3804,0
1715,1
34,0
11125,1
6385,1
1009,1
7035,1
2397,0
10558,1
9371,0
3298,1
11813,0
3417,1
3823,1
1108,1
6532,1
1120,0
9058,0
1279,1
9483,0
540,1
6442,0
9970,1
4969,1
11180,1
2139,0
1364,0
11734,0
6253,1
9427,1
7493,1
8958,1
8359,0
8851,0
64,1
990,0
11488,1
2084,1
11440,0
10907,1
1998,1
4818,1
7463,1
7595,1
9591,0
6929,1
10178,0
12186,1
1685,0
10850,0
5803,0
6829,0
6380,0
12174,1
673,0
3613,1
5853,0
4681,0
5376,1
5909,0
11922,1
11796,0
12179,1
355,1
1920,0
4829,0
11888,0
9067,1
9525,0
2225,0
6131,0
6735,1
8936,1
1614,0
7667,1
10225,0
6600,1
2053,0
6421,1
4318,0
7597,0
11589,1
1160,0
9137,0
131,1
11086,0
7062,0
8400,0
4307,1
4537,1
5795,1
7130,1
5052,1
9326,1
1677,1
4705,0
5100,1
2108,0
9465,0
9128,1
11552,1
1328,1
7340,0
9142,0
10746,0
2468,1
2208,0
6085,1
3415,0
3902,0
11178,1
6374,0
11874,0
188,0
4331,0
11331,1
3649,0
8313,0
7435,1
2267,1
1746,1
8941,0
6881,0
5709,0
2510,1
396,0
9669,1
3356,1
1179,1
4269,0
5197,0
456,0
3656,0
1462,0
1896,0
10487,1
10949,0
909,1
388,0
1546,0
4512,1
1388,0
869,0
9650,0
10983,1
5788,0
5486,0
7598,0
4656,1
4456,1
5694,1
9040,1
5947,0
10243,1
2324,1
7544,1
6142,1
8055,0
655,1
7404,1
1238,1
1937,1
11867,0
185,0
3070,1
3846,1
6412,0
4579,1
6429,1
1678,1
7054,1
6883,1
9319,1
1562,1
4472,1
9189,1
10130,0
7585,1
11800,0
9404,0
9317,0
4530,0
6815,0
2252,1
7948,0
9502,0
2890,1
8666,1
5687,0
5043,0
3800,1
11719,0
2377,0
5886,1
1948,1
1481,1
11407,0
2121,1
5434,1
10064,1
11615,0
772,1
7543,1
5864,1
9596,0
12216,0
11242,1
7505,1
1000,1
8802,1
7808,0
6633,0
6320,0
7260,1
4845,0
9170,1
2573,1
282,1
2190,0
10993,1
5086,1
4201,0
10293,1
4952,1
6419,0
8523,0
2424,0
461,1
5398,0
4993,0
22,0
10047,1
8210,0
8644,0
10585,0
154,0
4141,0
8579,1
10436,1
761,1
12239,0
2259,1
12242,0
6737,1
12056,0
12486,1
8888,1
7462,1
7827,1
781,0
5860,1
11120,0
3845,0
2030,0
5057,0
1147,1
4202,0
11520,1
12301,0
7781,0
8083,1
9828,1
8750,0
6823,1
1981,1
12314,1
6597,0
11266,0
5592,1
3483,0
6083,0
2276,1
368,1
10473,1
856,0
12266,1
3338,1
5659,0
10148,1
5455,1
10002,0
8531,0
7727,0
10793,0
838,0
12253,1
10090,0
7411,0
839,1
6674,1
11167,0
11150,0
1365,0
134,0
4983,0
11255,1
4203,1
12392,1
8697,0
1929,0
8192,0
4035,0
12499,1
4120,0
5684,1
7888,0
1939,1
1933,0
7438,0
3808,1
89,0
2309,0
2146,1
10425,1
5975,1
5295,0
1415,0
6614,1
3440,0
7954,0
11064,0
6802,1
2971,1
10549,0
8171,0
10338,0
2038,1
398,0
12197,0
1736,0
4368,0
10950,0
5199,0
775,0
8755,1
9810,0
12285,0
9847,1
3317,1
10868,0
1082,1
7356,0
2523,1
2474,1
8818,1
2686,0
8563,0
11973,0
6249,1
3352,0
11252,0
4758,0
12306,0
6821,1
9822,1
6628,1
3559,0
9784,1
7447,0
5107,1
1356,1
11619,0
12336,0
5300,0
4743,0
11222,1
7777,0
1682,1
4232,0
9602,1
9014,0
850,0
8685,0
11088,0
5190,0
8654,1
487,0
371,1
4849,1
8465,0
307,1
6926,1
4715,1
10859,1
4692,0
12304,1
810,1
9210,0
4652,0
12126,0
7798,1
6102,0
1726,1
5180,1
70,1
3348,0
622,0
2286,1
967,0
11590,0
994,0
5867,0
3264,1
6124,0
11549,0
5821,1
6636,1
3210,1
11815,1
6,0
5583,1
9627,0
4932,0
11732,1
2687,0
11231,1
4192,1
7986,1
1711,1
7504,1
3340,1
4258,1
4548,1
11536,1
3939,1
8765,0
7482,0
167,1
11633,0
4664,1
6454,0
9384,0
1732,1
5075,0
606,0
6089,1
10640,1
10424,1
6378,0
9372,1
2434,0
3407,1
2507,1
11332,1
1304,0
10226,0
8903,1
4874,1
10891,0
81,0
4291,0
7073,1
9803,0
6315,1
8299,0
1060,0
3851,0
6038,1
10031,0
8131,1
4428,0
44,1
3379,0
5868,0
2973,0
6294,1
1143,0
3125,1
2271,1
643,1
6486,0
10037,0
7487,1
5221,0
3098,0
5252,0
5447,1
8240,1
12459,1
9237,0
141,0
11621,0
7413,1
1459,0
9479,1
4678,0
7508,0
7729,0
11696,1
2679,1
8962,0
5374,0
6556,1
10722,0
5858,1
12294,1
6180,1
11923,1
303,0
6064,1
2195,0
1825,1
7921,1
11048,1
12399,0
2072,0
11896,0
8423,0
108,0
9301,0
7655,0
10687,0
1005,0
3431,0
11794,0
11274,1
4923,0
9277,1
57,1
4973,1
12220,0
11558,0
65,1
95,1
12124,0
1997,1
9817,1
10028,0
2992,1
4927,1
4282,1
3476,0
7345,0
6137,1
8109,0
6979,0
5817,0
7121,1
7343,0
5656,1
5655,1
9249,1
6568,0
5067,1
10693,0
4554,1
2444,1
6159,0
5807,1
207,1
9935,1
8037,1
9941,1
1626,0
2393,1
11355,0
1955,0
8041,0
400,1
7542,1
4807,0
10604,0
4728,0
3139,1
11628,1
9297,1
1612,1
6076,0
5251,0
7077,1
8569,1
8833,0
7110,1
5546,0
4194,1
959,0
12182,1
9418,0
11460,0
4650,1
10594,1
4113,1
2248,1
3771,1
1553,1
12466,0
9274,1
3366,1
9010,0
8249,1
6437,0
9603,0
10020,0
2269,0
6330,0
11279,1
9247,0
7800,1
1576,1
6748,0
10056,1
10964,0
9846,0
9343,1
10419,1
7196,0
7566,0
10824,0
2356,0
528,1
4846,1
1637,1
3740,0
10743,1
5024,1
2503,0
6092,0
1830,0
12280,0
5603,0
3472,0
1422,0
12448,1
8077,1
2886,0
4379,0
10643,0
11227,0
11528,0
2966,0
7368,1
3600,1
4196,1
2753,0
